extension,name,button_function_cisco,button_extension,plk_count
84048,NICU Social Worker,,,3
84048,NICU Social Worker,Line (ring),,
84048,NICU Social Worker,Line (ring),,
84048,NICU Social Worker,Line (ring),,
82056,M/B Nursery,,,6
82056,M/B Nursery,Line (ring),,
82056,M/B Nursery,Line (ring),,
82056,M/B Nursery,Shared-line,82050,
82056,M/B Nursery,Shared-line,82050,
82056,M/B Nursery,Shared-line,82050,
82056,M/B Nursery,Shared-line,82050,
80029,Ruan Neuro Kelli Putney,,,2
80029,Ruan Neuro Kelli Putney,Line (ring),,
80029,Ruan Neuro Kelli Putney,BLF,,
84061,NICU,,,10
84061,NICU,Line (ring),,
84061,NICU,Speed-dial,96618214,
84061,NICU,Shared-line,84000,
84061,NICU,Speed-dial,94732769,
84061,NICU,Shared-line,84000,
84061,NICU,Speed-dial,73280,
84061,NICU,Shared-line,84000,
84061,NICU,Speed-dial,74471,
84061,NICU,Shared-line,84000,
84061,NICU,Speed-dial,74480,
80045,Ruan Neuro Elizabeth Bennig,,,6
80045,Ruan Neuro Elizabeth Bennig,Line (ring),,
80045,Ruan Neuro Elizabeth Bennig,Line (ring),,
80045,Ruan Neuro Elizabeth Bennig,Line (ring),,
80045,Ruan Neuro Elizabeth Bennig,Speed-dial,1.58006E+11,
80045,Ruan Neuro Elizabeth Bennig,BLF,,
80045,Ruan Neuro Elizabeth Bennig,BLF,,
81057,T/SICU,,,3
81057,T/SICU,Line (ring),,
81057,T/SICU,Line (ring),,
81057,T/SICU,Line (ring),,
80130,Mercy Brain/Spine,,,3
80130,Mercy Brain/Spine,Line (ring),,
80130,Mercy Brain/Spine,Line (ring),,
80130,Mercy Brain/Spine,Line (ring),,
85048,East Tower Lobby B Level,,,3
85048,East Tower Lobby B Level,Line (ring),,
85048,East Tower Lobby B Level,Line (ring),,
85048,East Tower Lobby B Level,Line (ring),,
80030,Ruan Neuro - Allison Judge,,,4
80030,Ruan Neuro - Allison Judge,Line (ring),,
80030,Ruan Neuro - Allison Judge,Line (ring),,
80030,Ruan Neuro - Allison Judge,Line (ring),,
80030,Ruan Neuro - Allison Judge,Speed-dial,80015,
80194,IT East Tower South,,,3
80194,IT East Tower South,Line (ring),,
80194,IT East Tower South,Line (ring),,
80194,IT East Tower South,Line (ring),,
84091,NICU Stockman_Jennifer,,,3
84091,NICU Stockman_Jennifer,Line (ring),,
84091,NICU Stockman_Jennifer,Line (ring),,
84091,NICU Stockman_Jennifer,Line (ring),,
83025,Labor/Birthing,,,6
83025,Labor/Birthing,Line (ring),,
83025,Labor/Birthing,Line (ring),,
83025,Labor/Birthing,Shared-line,83000,
83025,Labor/Birthing,Shared-line,83000,
83025,Labor/Birthing,Shared-line,83000,
83025,Labor/Birthing,Shared-line,83000,
85007,OneCare - Tech Infrastruct,,,5
85007,OneCare - Tech Infrastruct,Line (ring),,
85007,OneCare - Tech Infrastruct,Line (ring),,
85007,OneCare - Tech Infrastruct,Line (ring),,
85007,OneCare - Tech Infrastruct,Line (ring),,
85007,OneCare - Tech Infrastruct,Line (ring),,
80056,Ruan Michelle Kramer,,,3
80056,Ruan Michelle Kramer,Line (ring),,
80056,Ruan Michelle Kramer,Line (ring),,
80056,Ruan Michelle Kramer,Line (ring),,
80115,80115,,,5
80115,80115,Line (ring),,
80115,80115,Line (ring),,
80115,80115,Line (ring),,
80115,80115,Speed-dial,1.58024E+11,
80115,80115,Speed-dial,1590241,
80179,MRI East Tower Control Rm,,,4
80179,MRI East Tower Control Rm,Line (ring),,
80179,MRI East Tower Control Rm,Line (ring),,
80179,MRI East Tower Control Rm,Line (ring),,
80179,MRI East Tower Control Rm,BLF,,
84057,NICU,,,10
84057,NICU,Line (ring),,
84057,NICU,Speed-dial,96618214,
84057,NICU,Shared-line,84000,
84057,NICU,Speed-dial,94732769,
84057,NICU,Shared-line,84000,
84057,NICU,Speed-dial,73280,
84057,NICU,Shared-line,84000,
84057,NICU,Speed-dial,74471,
84057,NICU,Shared-line,84000,
84057,NICU,Speed-dial,74480,
80112,Mercy Brain/Spine,,,5
80112,Mercy Brain/Spine,Line (ring),,
80112,Mercy Brain/Spine,Line (ring),,
80112,Mercy Brain/Spine,Line (ring),,
80112,Mercy Brain/Spine,Speed-dial,1.58024E+11,
80112,Mercy Brain/Spine,Speed-dial,1590241,
80127,Mercy brain/ Spine,,,3
80127,Mercy brain/ Spine,Line (ring),,
80127,Mercy brain/ Spine,Line (ring),,
80127,Mercy brain/ Spine,Line (ring),,
81040,Sicu Dept,,,6
81040,Sicu Dept,Line (ring),,
81040,Sicu Dept,Line (ring),,
81040,Sicu Dept,Line (ring),,
81040,Sicu Dept,Speed-dial,33060,
81040,Sicu Dept,Speed-dial,81070,
81040,Sicu Dept,Speed-dial,33000,
81079,T/SICU,,,9
81079,T/SICU,Line (ring),,
81079,T/SICU,Line (ring),,
81079,T/SICU,Speed-dial,73123,
81079,T/SICU,Line (ring),,
81079,T/SICU,Speed-dial,81060,
81079,T/SICU,Shared-line,81078,
81079,T/SICU,Speed-dial,74471,
81079,T/SICU,Shared-line,81078,
81079,T/SICU,Speed-dial,92344293,
80119,80119,,,5
80119,80119,Line (ring),,
80119,80119,Shared-line,80122,
80119,80119,Line (ring),,
80119,80119,Shared-line,80122,
80119,80119,Line (ring),,
82059,M/B Nursery,,,6
82059,M/B Nursery,Line (ring),,
82059,M/B Nursery,Line (ring),,
82059,M/B Nursery,Shared-line,82050,
82059,M/B Nursery,Shared-line,82050,
82059,M/B Nursery,Shared-line,82050,
82059,M/B Nursery,Shared-line,82050,
81066,T/SICU IA Heart Surgery,,,8
81066,T/SICU IA Heart Surgery,Line (ring),,
81066,T/SICU IA Heart Surgery,Line (ring),,
81066,T/SICU IA Heart Surgery,Line (ring),,
81066,T/SICU IA Heart Surgery,Speed-dial,96435256,
81066,T/SICU IA Heart Surgery,Speed-dial,92473700,
81066,T/SICU IA Heart Surgery,Speed-dial,92474095,
81066,T/SICU IA Heart Surgery,Speed-dial,93581000,
81066,T/SICU IA Heart Surgery,Speed-dial,9.18002E+11,
85079,Surgery Waiting Customer,,,2
85079,Surgery Waiting Customer,Line (ring),,
85079,Surgery Waiting Customer,Line (ring),,
80004,Resptionist - Ruan Neuro,,,6
80004,Resptionist - Ruan Neuro,Line (ring),,
80004,Resptionist - Ruan Neuro,Line (ring),,
80004,Resptionist - Ruan Neuro,Line (ring),,
80004,Resptionist - Ruan Neuro,Speed-dial,1.58006E+11,
80004,Resptionist - Ruan Neuro,BLF,,
80004,Resptionist - Ruan Neuro,BLF,,
81059,Sleep Room 1059,,,3
81059,Sleep Room 1059,Line (ring),,
81059,Sleep Room 1059,Line (ring),,
81059,Sleep Room 1059,Line (ring),,
84063,NICU,,,10
84063,NICU,Line (ring),,
84063,NICU,Speed-dial,96618214,
84063,NICU,Shared-line,84000,
84063,NICU,Speed-dial,94732769,
84063,NICU,Shared-line,84000,
84063,NICU,Speed-dial,73280,
84063,NICU,Shared-line,84000,
84063,NICU,Speed-dial,74471,
84063,NICU,Shared-line,84000,
84063,NICU,Speed-dial,74480,
81006,C/T SICU,,,10
81006,C/T SICU,Line (ring),,
81006,C/T SICU,Speed-dial,36475,
81006,C/T SICU,Shared-line,81000,
81006,C/T SICU,Speed-dial,73123,
81006,C/T SICU,Shared-line,81000,
81006,C/T SICU,Speed-dial,73280,
81006,C/T SICU,Shared-line,81000,
81006,C/T SICU,Speed-dial,74471,
81006,C/T SICU,Shared-line,81000,
81006,C/T SICU,Speed-dial,96618212,
81166,MICU,,,10
81166,MICU,Line (ring),,
81166,MICU,Shared-line,81100,
81166,MICU,Line (ring),,
81166,MICU,Shared-line,81100,
81166,MICU,Line (ring),,
81166,MICU,Shared-line,81100,
81166,MICU,Speed-dial,96618213,
81166,MICU,Shared-line,81100,
81166,MICU,Speed-dial,94181438,
81166,MICU,Shared-line,81100,
80018,Venise Spahr,,,4
80018,Venise Spahr,Line (ring),,
80018,Venise Spahr,Speed-dial,93239639,
80018,Venise Spahr,Line (ring),,
80018,Venise Spahr,Line (ring),,
85012,OneCare - Charge Service,,,5
85012,OneCare - Charge Service,Line (ring),,
85012,OneCare - Charge Service,Line (ring),,
85012,OneCare - Charge Service,Line (ring),,
85012,OneCare - Charge Service,Line (ring),,
85012,OneCare - Charge Service,Line (ring),,
80151,Mercy Spine Front Deck A,,,5
80151,Mercy Spine Front Deck A,Line (ring),,
80151,Mercy Spine Front Deck A,Line (ring),,
80151,Mercy Spine Front Deck A,Line (ring),,
80151,Mercy Spine Front Deck A,Speed-dial,1.58024E+11,
80151,Mercy Spine Front Deck A,Speed-dial,1590241,
82055,Clinical Resource Nurse,,,3
82055,Clinical Resource Nurse,Line (ring),,
82055,Clinical Resource Nurse,Line (ring),,
82055,Clinical Resource Nurse,Line (ring),,
81062,T/SICU IA Heart Surgery,,,3
81062,T/SICU IA Heart Surgery,Line (ring),,
81062,T/SICU IA Heart Surgery,Line (ring),,
81062,T/SICU IA Heart Surgery,Line (ring),,
80199,MRI East Tower Control Rm.,,,3
80199,MRI East Tower Control Rm.,Line (ring),,
80199,MRI East Tower Control Rm.,Line (ring),,
80199,MRI East Tower Control Rm.,Line (ring),,
84072,Neonatalogist Office,,,3
84072,Neonatalogist Office,Line (ring),,
84072,Neonatalogist Office,Line (ring),,
84072,Neonatalogist Office,Line (ring),,
80128,Mercy Brain/Spine,,,3
80128,Mercy Brain/Spine,Line (ring),,
80128,Mercy Brain/Spine,Line (ring),,
80128,Mercy Brain/Spine,Line (ring),,
81163,MICU,,,10
81163,MICU,Line (ring),,
81163,MICU,Shared-line,81100,
81163,MICU,Line (ring),,
81163,MICU,Shared-line,81100,
81163,MICU,Line (ring),,
81163,MICU,Shared-line,81100,
81163,MICU,Speed-dial,96618213,
81163,MICU,Shared-line,81100,
81163,MICU,Speed-dial,94181438,
81163,MICU,Shared-line,81100,
84087,NICU,,,10
84087,NICU,Line (ring),,
84087,NICU,Speed-dial,96618214,
84087,NICU,Shared-line,84000,
84087,NICU,Speed-dial,94732769,
84087,NICU,Shared-line,84000,
84087,NICU,Speed-dial,73280,
84087,NICU,Shared-line,84000,
84087,NICU,Speed-dial,74471,
84087,NICU,Shared-line,84000,
84087,NICU,Speed-dial,74480,
82091,Mother/Baby NS #1,,,6
82091,Mother/Baby NS #1,Line (ring),,
82091,Mother/Baby NS #1,Line (ring),,
82091,Mother/Baby NS #1,Shared-line,82000,
82091,Mother/Baby NS #1,Shared-line,82000,
82091,Mother/Baby NS #1,Shared-line,82000,
82091,Mother/Baby NS #1,Shared-line,82000,
82054,NCS Mother/Baby,,,6
82054,NCS Mother/Baby,Line (ring),,
82054,NCS Mother/Baby,Line (ring),,
82054,NCS Mother/Baby,Shared-line,82000,
82054,NCS Mother/Baby,Shared-line,82000,
82054,NCS Mother/Baby,Shared-line,82000,
82054,NCS Mother/Baby,Shared-line,82000,
80000,Test Mercy new,,,3
80000,Test Mercy new,Line (ring),,
80000,Test Mercy new,Line (ring),,
80000,Test Mercy new,Line (ring),,
80143,Mercy Brian/Spine Research,,,3
80143,Mercy Brian/Spine Research,Line (ring),,
80143,Mercy Brian/Spine Research,Line (ring),,
80143,Mercy Brian/Spine Research,Line (ring),,
85050,East Tower Greeter_A-Level,,,3
85050,East Tower Greeter_A-Level,Line (ring),,
85050,East Tower Greeter_A-Level,Line (ring),,
85050,East Tower Greeter_A-Level,Line (ring),,
85029,OneCare Conf rm 6 - 85029,,,3
85029,OneCare Conf rm 6 - 85029,Line (ring),,
85029,OneCare Conf rm 6 - 85029,Line (ring),,
85029,OneCare Conf rm 6 - 85029,Line (ring),,
84056,NICU,,,10
84056,NICU,Line (ring),,
84056,NICU,Speed-dial,96618214,
84056,NICU,Shared-line,84000,
84056,NICU,Speed-dial,94732769,
84056,NICU,Shared-line,84000,
84056,NICU,Speed-dial,73280,
84056,NICU,Shared-line,84000,
84056,NICU,Speed-dial,74471,
84056,NICU,Shared-line,84000,
84056,NICU,Speed-dial,74480,
84052,NICU,,,10
84052,NICU,Line (ring),,
84052,NICU,Speed-dial,96618214,
84052,NICU,Shared-line,84000,
84052,NICU,Speed-dial,94732769,
84052,NICU,Shared-line,84000,
84052,NICU,Speed-dial,73280,
84052,NICU,Shared-line,84000,
84052,NICU,Speed-dial,74471,
84052,NICU,Shared-line,84000,
84052,NICU,Speed-dial,74480,
85014,OneCare - Clinical Stratgst,,,5
85014,OneCare - Clinical Stratgst,Line (ring),,
85014,OneCare - Clinical Stratgst,Line (ring),,
85014,OneCare - Clinical Stratgst,Line (ring),,
85014,OneCare - Clinical Stratgst,Line (ring),,
85014,OneCare - Clinical Stratgst,Line (ring),,
80163,Mercy Spine Exam.Room 3,,,3
80163,Mercy Spine Exam.Room 3,Line (ring),,
80163,Mercy Spine Exam.Room 3,Line (ring),,
80163,Mercy Spine Exam.Room 3,Line (ring),,
80162,Mercy Spine Exam.Room 2,,,3
80162,Mercy Spine Exam.Room 2,Line (ring),,
80162,Mercy Spine Exam.Room 2,Line (ring),,
80162,Mercy Spine Exam.Room 2,Line (ring),,
80183,MRI East Tower Main Desk,,,7
80183,MRI East Tower Main Desk,Line (ring),,
80183,MRI East Tower Main Desk,Shared-line,40180,
80183,MRI East Tower Main Desk,Line (ring),,
80183,MRI East Tower Main Desk,Shared-line,40180,
80183,MRI East Tower Main Desk,Line (ring),,
80183,MRI East Tower Main Desk,Shared-line,40180,
80183,MRI East Tower Main Desk,Line (ring),,
80006,Ruan Heike Schmolck,,,8
80006,Ruan Heike Schmolck,Line (ring),,
80006,Ruan Heike Schmolck,Line (ring),,
80006,Ruan Heike Schmolck,Line (ring),,
80006,Ruan Heike Schmolck,Speed-dial,73000,
80006,Ruan Heike Schmolck,Speed-dial,99655576,
80006,Ruan Heike Schmolck,Speed-dial,99655576,
80006,Ruan Heike Schmolck,Speed-dial,9914779,
80006,Ruan Heike Schmolck,Speed-dial,94912702,
83034,TCC Labor / Birthing,,,9
83034,TCC Labor / Birthing,Line (ring),,
83034,TCC Labor / Birthing,Line (ring),,
83034,TCC Labor / Birthing,Shared-line,83000,
83034,TCC Labor / Birthing,Speed-dial,92404768,
83034,TCC Labor / Birthing,Shared-line,83000,
83034,TCC Labor / Birthing,Speed-dial,97208598,
83034,TCC Labor / Birthing,Shared-line,83000,
83034,TCC Labor / Birthing,Speed-dial,97243306,
83034,TCC Labor / Birthing,Shared-line,83000,
80114,Mercy Brain/Spine,,,3
80114,Mercy Brain/Spine,Line (ring),,
80114,Mercy Brain/Spine,Line (ring),,
80114,Mercy Brain/Spine,Line (ring),,
81082,T/CSICU,,,10
81082,T/CSICU,Line (ring),,
81082,T/CSICU,Shared-line,81000,
81082,T/CSICU,Shared-line,81000,
81082,T/CSICU,Speed-dial,73123,
81082,T/CSICU,Shared-line,81000,
81082,T/CSICU,Speed-dial,81060,
81082,T/CSICU,Shared-line,81000,
81082,T/CSICU,Speed-dial,74471,
81082,T/CSICU,Shared-line,81000,
81082,T/CSICU,Speed-dial,92344293,
81150,MICU,,,10
81150,MICU,Line (ring),,
81150,MICU,Shared-line,81100,
81150,MICU,Line (ring),,
81150,MICU,Shared-line,81100,
81150,MICU,Line (ring),,
81150,MICU,Shared-line,81100,
81150,MICU,Speed-dial,96618213,
81150,MICU,Shared-line,81100,
81150,MICU,Speed-dial,94181438,
81150,MICU,Shared-line,81100,
85028,OneCare Conf rm 2 - 85028,,,3
85028,OneCare Conf rm 2 - 85028,Line (ring),,
85028,OneCare Conf rm 2 - 85028,Line (ring),,
85028,OneCare Conf rm 2 - 85028,Line (ring),,
84055,NICU Manager - Lisa,,,3
84055,NICU Manager - Lisa,Line (ring),,
84055,NICU Manager - Lisa,Line (ring),,
84055,NICU Manager - Lisa,Line (ring),,
81190,MICU,,,8
81190,MICU,Line (ring),,
81190,MICU,Shared-line,81100,
81190,MICU,Line (ring),,
81190,MICU,Shared-line,81100,
81190,MICU,Line (ring),,
81190,MICU,Shared-line,81100,
81190,MICU,Shared-line,81100,
81190,MICU,Shared-line,81100,
83150,East 3 Ante Partum Triage,,,10
83150,East 3 Ante Partum Triage,Line (ring),,
83150,East 3 Ante Partum Triage,Shared-line,83131,
83150,East 3 Ante Partum Triage,Line (ring),,
83150,East 3 Ante Partum Triage,Shared-line,83100,
83150,East 3 Ante Partum Triage,Line (ring),,
83150,East 3 Ante Partum Triage,Shared-line,83100,
83150,East 3 Ante Partum Triage,Line (ring),,
83150,East 3 Ante Partum Triage,Shared-line,83100,
83150,East 3 Ante Partum Triage,Line (ring),,
83150,East 3 Ante Partum Triage,Shared-line,83100,
81001,C/T SICU,,,10
81001,C/T SICU,Line (ring),,
81001,C/T SICU,Speed-dial,36475,
81001,C/T SICU,Shared-line,81000,
81001,C/T SICU,Speed-dial,73123,
81001,C/T SICU,Shared-line,81000,
81001,C/T SICU,Speed-dial,73280,
81001,C/T SICU,Shared-line,81000,
81001,C/T SICU,Speed-dial,74471,
81001,C/T SICU,Shared-line,81000,
81001,C/T SICU,Speed-dial,96618212,
85023,One Care Aud,,,3
85023,One Care Aud,Line (ring),,
85023,One Care Aud,Line (ring),,
85023,One Care Aud,Line (ring),,
82079,MBU Conf Room 2057,,,3
82079,MBU Conf Room 2057,Line (ring),,
82079,MBU Conf Room 2057,Line (ring),,
82079,MBU Conf Room 2057,Line (ring),,
85021,OneCare Aud,,,3
85021,OneCare Aud,Line (ring),,
85021,OneCare Aud,Line (ring),,
85021,OneCare Aud,Line (ring),,
85025,OneCare Aud,,,3
85025,OneCare Aud,Line (ring),,
85025,OneCare Aud,Line (ring),,
85025,OneCare Aud,Line (ring),,
80043,Ray Rongkavilit,,,6
80043,Ray Rongkavilit,Line (ring),,
80043,Ray Rongkavilit,Line (ring),,
80043,Ray Rongkavilit,Line (ring),,
80043,Ray Rongkavilit,Speed-dial,1.58006E+11,
80043,Ray Rongkavilit,BLF,,
80043,Ray Rongkavilit,BLF,,
83122,Ante Partum,,,3
83122,Ante Partum,Line (ring),,
83122,Ante Partum,Line (ring),,
83122,Ante Partum,Line (ring),,
80120,Mercy Brain/Spine Nurse,,,5
80120,Mercy Brain/Spine Nurse,Line (ring),,
80120,Mercy Brain/Spine Nurse,Shared-line,80122,
80120,Mercy Brain/Spine Nurse,Line (ring),,
80120,Mercy Brain/Spine Nurse,Shared-line,80122,
80120,Mercy Brain/Spine Nurse,Line (ring),,
83016,C - Section Room 3,,,6
83016,C - Section Room 3,Line (ring),,
83016,C - Section Room 3,Line (ring),,
83016,C - Section Room 3,Shared-line,83000,
83016,C - Section Room 3,Shared-line,83000,
83016,C - Section Room 3,Shared-line,83000,
83016,C - Section Room 3,Shared-line,83000,
84083,NICU,,,10
84083,NICU,Line (ring),,
84083,NICU,Line (ring),,
84083,NICU,Shared-line,84000,
84083,NICU,Speed-dial,34524,
84083,NICU,Shared-line,84000,
84083,NICU,Speed-dial,95086397,
84083,NICU,Shared-line,84000,
84083,NICU,Speed-dial,39090,
84083,NICU,Shared-line,84000,
84083,NICU,Speed-dial,98221696,
82092,Mother/Baby NS #2,,,6
82092,Mother/Baby NS #2,Line (ring),,
82092,Mother/Baby NS #2,Line (ring),,
82092,Mother/Baby NS #2,Shared-line,82000,
82092,Mother/Baby NS #2,Shared-line,82000,
82092,Mother/Baby NS #2,Shared-line,82000,
82092,Mother/Baby NS #2,Shared-line,82000,
84000,NICU,,,5
84000,NICU,Line (ring),,
84000,NICU,Line (ring),,
84000,NICU,Line (ring),,
84000,NICU,Line (ring),,
84000,NICU,Line (ring),,
85009,OneCare - Clinical Report,,,5
85009,OneCare - Clinical Report,Line (ring),,
85009,OneCare - Clinical Report,Line (ring),,
85009,OneCare - Clinical Report,Line (ring),,
85009,OneCare - Clinical Report,Line (ring),,
85009,OneCare - Clinical Report,Line (ring),,
82062,Mother/Baby NS #2,,,6
82062,Mother/Baby NS #2,Line (ring),,
82062,Mother/Baby NS #2,Line (ring),,
82062,Mother/Baby NS #2,Shared-line,82000,
82062,Mother/Baby NS #2,Shared-line,82000,
82062,Mother/Baby NS #2,Shared-line,82000,
82062,Mother/Baby NS #2,Shared-line,82000,
83045,Labor/Birthing,,,10
83045,Labor/Birthing,Line (ring),,
83045,Labor/Birthing,Line (ring),,
83045,Labor/Birthing,Shared-line,83000,
83045,Labor/Birthing,Speed-dial,92404768,
83045,Labor/Birthing,Shared-line,83000,
83045,Labor/Birthing,Speed-dial,97208598,
83045,Labor/Birthing,Shared-line,83000,
83045,Labor/Birthing,Speed-dial,97243306,
83045,Labor/Birthing,Shared-line,83000,
83045,Labor/Birthing,Speed-dial,93583132,
84070,NICU Clinical Resource Nur,,,3
84070,NICU Clinical Resource Nur,Line (ring),,
84070,NICU Clinical Resource Nur,Line (ring),,
84070,NICU Clinical Resource Nur,Line (ring),,
80039,Amy Pitt,,,5
80039,Amy Pitt,Line (ring),,
80039,Amy Pitt,Line (ring),,
80039,Amy Pitt,Line (ring),,
80039,Amy Pitt,Speed-dial,1.58006E+11,
80039,Amy Pitt,BLF,,
83135,East 3 Antepartum Triage,,,10
83135,East 3 Antepartum Triage,Line (ring),,
83135,East 3 Antepartum Triage,Line (ring),,
83135,East 3 Antepartum Triage,Shared-line,83100,
83135,East 3 Antepartum Triage,Shared-line,83150,
83135,East 3 Antepartum Triage,Shared-line,83100,
83135,East 3 Antepartum Triage,Shared-line,83150,
83135,East 3 Antepartum Triage,Shared-line,83100,
83135,East 3 Antepartum Triage,Shared-line,83150,
83135,East 3 Antepartum Triage,Shared-line,83100,
83135,East 3 Antepartum Triage,Shared-line,83150,
83100,East 3 Ante Partum,,,5
83100,East 3 Ante Partum,Line (ring),,
83100,East 3 Ante Partum,Line (ring),,
83100,East 3 Ante Partum,Line (ring),,
83100,East 3 Ante Partum,Line (ring),,
83100,East 3 Ante Partum,Line (ring),,
81169,MICU Care Coordintor,,,10
81169,MICU Care Coordintor,Line (ring),,
81169,MICU Care Coordintor,Shared-line,81100,
81169,MICU Care Coordintor,Line (ring),,
81169,MICU Care Coordintor,Shared-line,81100,
81169,MICU Care Coordintor,Line (ring),,
81169,MICU Care Coordintor,Shared-line,81100,
81169,MICU Care Coordintor,Speed-dial,96618213,
81169,MICU Care Coordintor,Shared-line,81100,
81169,MICU Care Coordintor,Speed-dial,94181438,
81169,MICU Care Coordintor,Shared-line,81100,
83134,East 3 MTT Nurse Desk,,,10
83134,East 3 MTT Nurse Desk,Line (ring),,
83134,East 3 MTT Nurse Desk,Line (ring),,
83134,East 3 MTT Nurse Desk,Shared-line,83100,
83134,East 3 MTT Nurse Desk,Shared-line,83150,
83134,East 3 MTT Nurse Desk,Shared-line,83100,
83134,East 3 MTT Nurse Desk,Shared-line,83150,
83134,East 3 MTT Nurse Desk,Shared-line,83100,
83134,East 3 MTT Nurse Desk,Shared-line,83150,
83134,East 3 MTT Nurse Desk,Shared-line,83100,
83134,East 3 MTT Nurse Desk,Shared-line,83150,
80031,Chris Cushatt,,,10
80031,Chris Cushatt,Line (ring),,
80031,Chris Cushatt,Speed-dial,38786,
80031,Chris Cushatt,Line (ring),,
80031,Chris Cushatt,Speed-dial,74319,
80031,Chris Cushatt,Line (ring),,
80031,Chris Cushatt,Speed-dial,74439,
80031,Chris Cushatt,Speed-dial,92411926,
80031,Chris Cushatt,Speed-dial,73020,
80031,Chris Cushatt,Speed-dial,92445611,
80031,Chris Cushatt,Speed-dial,73000,
80126,M Spine Clinic Dr.Pederson,,,3
80126,M Spine Clinic Dr.Pederson,Line (ring),,
80126,M Spine Clinic Dr.Pederson,Line (ring),,
80126,M Spine Clinic Dr.Pederson,Line (ring),,
84045,NICU Blood Lab,,,3
84045,NICU Blood Lab,Line (ring),,
84045,NICU Blood Lab,Line (ring),,
84045,NICU Blood Lab,Line (ring),,
80007,Ruan Neuro Michael Jacoby,,,6
80007,Ruan Neuro Michael Jacoby,Line (ring),,
80007,Ruan Neuro Michael Jacoby,Line (ring),,
80007,Ruan Neuro Michael Jacoby,Line (ring),,
80007,Ruan Neuro Michael Jacoby,Speed-dial,73000,
80007,Ruan Neuro Michael Jacoby,Speed-dial,9.18779E+11,
80007,Ruan Neuro Michael Jacoby,Speed-dial,99655576,
81155,MICU,,,10
81155,MICU,Line (ring),,
81155,MICU,Shared-line,81100,
81155,MICU,Line (ring),,
81155,MICU,Shared-line,81100,
81155,MICU,Line (ring),,
81155,MICU,Shared-line,81100,
81155,MICU,Speed-dial,96618213,
81155,MICU,Shared-line,81100,
81155,MICU,Speed-dial,94181438,
81155,MICU,Shared-line,81100,
85013,OneCare - SergiNet,,,5
85013,OneCare - SergiNet,Line (ring),,
85013,OneCare - SergiNet,Line (ring),,
85013,OneCare - SergiNet,Line (ring),,
85013,OneCare - SergiNet,Line (ring),,
85013,OneCare - SergiNet,Line (ring),,
85070,OR Statellite Pharmacy,,,6
85070,OR Statellite Pharmacy,Line (ring),,
85070,OR Statellite Pharmacy,Shared-line,85071,
85070,OR Statellite Pharmacy,Line (ring),,
85070,OR Statellite Pharmacy,Shared-line,85071,
85070,OR Statellite Pharmacy,Line (ring),,
85070,OR Statellite Pharmacy,Shared-line,85071,
85017,OneCare - Pathnet,,,5
85017,OneCare - Pathnet,Line (ring),,
85017,OneCare - Pathnet,Line (ring),,
85017,OneCare - Pathnet,Line (ring),,
85017,OneCare - Pathnet,Line (ring),,
85017,OneCare - Pathnet,Line (ring),,
85066,Ambassador Desk 1st Floor,,,3
85066,Ambassador Desk 1st Floor,Line (ring),,
85066,Ambassador Desk 1st Floor,Line (ring),,
85066,Ambassador Desk 1st Floor,Line (ring),,
81100,MICU,,,5
81100,MICU,Line (ring),,
81100,MICU,Line (ring),,
81100,MICU,Line (ring),,
81100,MICU,Line (ring),,
81100,MICU,Line (ring),,
83041,Nurse - Labor / Birthing,,,10
83041,Nurse - Labor / Birthing,Line (ring),,
83041,Nurse - Labor / Birthing,Line (ring),,
83041,Nurse - Labor / Birthing,Shared-line,83000,
83041,Nurse - Labor / Birthing,Speed-dial,92404768,
83041,Nurse - Labor / Birthing,Shared-line,83000,
83041,Nurse - Labor / Birthing,Speed-dial,97208598,
83041,Nurse - Labor / Birthing,Shared-line,83000,
83041,Nurse - Labor / Birthing,Speed-dial,97243306,
83041,Nurse - Labor / Birthing,Shared-line,83000,
83041,Nurse - Labor / Birthing,Speed-dial,93503132,
84047,NICU Pharmacy,,,3
84047,NICU Pharmacy,Line (ring),,
84047,NICU Pharmacy,Line (ring),,
84047,NICU Pharmacy,Line (ring),,
80052,Stacy Gass,,,3
80052,Stacy Gass,Line (ring),,
80052,Stacy Gass,Line (ring),,
80052,Stacy Gass,Line (ring),,
80145,Mercy Brian/Spine(Nurse A),,,3
80145,Mercy Brian/Spine(Nurse A),Line (ring),,
80145,Mercy Brian/Spine(Nurse A),Line (ring),,
80145,Mercy Brian/Spine(Nurse A),Line (ring),,
85030,Physician Support,,,6
85030,Physician Support,Line (ring),,
85030,Physician Support,Line (ring),,
85030,Physician Support,Line (ring),,
85030,Physician Support,Line (ring),,
85030,Physician Support,Speed-dial,3585000,
85030,Physician Support,Line (ring),,
81076,T/SICU Lounge,,,3
81076,T/SICU Lounge,Line (ring),,
81076,T/SICU Lounge,Line (ring),,
81076,T/SICU Lounge,Line (ring),,
84075,NICU SLeep Rm,,,3
84075,NICU SLeep Rm,Line (ring),,
84075,NICU SLeep Rm,Line (ring),,
84075,NICU SLeep Rm,Line (ring),,
81078,T/SICU,,,9
81078,T/SICU,Line (ring),,
81078,T/SICU,Line (ring),,
81078,T/SICU,Speed-dial,73123,
81078,T/SICU,Line (ring),,
81078,T/SICU,Speed-dial,81060,
81078,T/SICU,Shared-line,81079,
81078,T/SICU,Speed-dial,74471,
81078,T/SICU,Shared-line,81079,
81078,T/SICU,Speed-dial,92344293,
83123,Dr. Mandsager,,,3
83123,Dr. Mandsager,Line (ring),,
83123,Dr. Mandsager,Line (ring),,
83123,Dr. Mandsager,Line (ring),,
85059,ED Center AV Control Rm,,,3
85059,ED Center AV Control Rm,Line (ring),,
85059,ED Center AV Control Rm,Line (ring),,
85059,ED Center AV Control Rm,Line (ring),,
80187,MRI East Tower Conference,,,3
80187,MRI East Tower Conference,Line (ring),,
80187,MRI East Tower Conference,Line (ring),,
80187,MRI East Tower Conference,Line (ring),,
85008,OneCare - DevicesCareMobile,,,5
85008,OneCare - DevicesCareMobile,Line (ring),,
85008,OneCare - DevicesCareMobile,Line (ring),,
85008,OneCare - DevicesCareMobile,Line (ring),,
85008,OneCare - DevicesCareMobile,Line (ring),,
85008,OneCare - DevicesCareMobile,Line (ring),,
80015,Ruan - Anne Lewis ofc 107,,,5
80015,Ruan - Anne Lewis ofc 107,Line (ring),,
80015,Ruan - Anne Lewis ofc 107,Line (ring),,
80015,Ruan - Anne Lewis ofc 107,Line (ring),,
80015,Ruan - Anne Lewis ofc 107,Speed-dial,80030,
80015,Ruan - Anne Lewis ofc 107,Speed-dial,73000,
80160,Mercy Spine,,,5
80160,Mercy Spine,Line (ring),,
80160,Mercy Spine,Shared-line,80158,
80160,Mercy Spine,Line (ring),,
80160,Mercy Spine,Shared-line,80158,
80160,Mercy Spine,Line (ring),,
84071,NICU Manger Rizer_ Laura,,,6
84071,NICU Manger Rizer_ Laura,Line (ring),,
84071,NICU Manger Rizer_ Laura,Speed-dial,84050,
84071,NICU Manger Rizer_ Laura,Line (ring),,
84071,NICU Manger Rizer_ Laura,Speed-dial,32565,
84071,NICU Manger Rizer_ Laura,Line (ring),,
84071,NICU Manger Rizer_ Laura,Speed-dial,32700,
85011,OneCare - Core,,,5
85011,OneCare - Core,Line (ring),,
85011,OneCare - Core,Line (ring),,
85011,OneCare - Core,Line (ring),,
85011,OneCare - Core,Line (ring),,
85011,OneCare - Core,Line (ring),,
80123,80123,,,3
80123,80123,Line (ring),,
80123,80123,Line (ring),,
80123,80123,Line (ring),,
82058,M/B Nursery,,,6
82058,M/B Nursery,Line (ring),,
82058,M/B Nursery,Line (ring),,
82058,M/B Nursery,Shared-line,82050,
82058,M/B Nursery,Shared-line,82050,
82058,M/B Nursery,Shared-line,82050,
82058,M/B Nursery,Shared-line,82050,
80017,Jessica Gingerich,,,6
80017,Jessica Gingerich,Line (ring),,
80017,Jessica Gingerich,Speed-dial,9.14024E+11,
80017,Jessica Gingerich,Line (ring),,
80017,Jessica Gingerich,Line (ring),,
80017,Jessica Gingerich,Speed-dial,96438661,
80017,Jessica Gingerich,Speed-dial,73000,
85015,OneCare - Radnet,,,5
85015,OneCare - Radnet,Line (ring),,
85015,OneCare - Radnet,Line (ring),,
85015,OneCare - Radnet,Line (ring),,
85015,OneCare - Radnet,Line (ring),,
85015,OneCare - Radnet,Line (ring),,
81147,MICU,,,10
81147,MICU,Line (ring),,
81147,MICU,Shared-line,81100,
81147,MICU,Line (ring),,
81147,MICU,Shared-line,81100,
81147,MICU,Line (ring),,
81147,MICU,Shared-line,81100,
81147,MICU,Speed-dial,96618213,
81147,MICU,Shared-line,81100,
81147,MICU,Speed-dial,94181438,
81147,MICU,Shared-line,81100,
81049,T/SICU Waiting Rm,,,3
81049,T/SICU Waiting Rm,Line (ring),,
81049,T/SICU Waiting Rm,Line (ring),,
81049,T/SICU Waiting Rm,Line (ring),,
82051,Mother/baby,,,8
82051,Mother/baby,Line (ring),,
82051,Mother/baby,Line (ring),,
82051,Mother/baby,Shared-line,82000,
82051,Mother/baby,Shared-line,82000,
82051,Mother/baby,Shared-line,82000,
82051,Mother/baby,Shared-line,82000,
82051,Mother/baby,Speed-dial,74255,
82051,Mother/baby,BLF,,
80195,Mercy East Tower MRI,,,3
80195,Mercy East Tower MRI,Line (ring),,
80195,Mercy East Tower MRI,Line (ring),,
80195,Mercy East Tower MRI,Line (ring),,
80157,Mcy Nuro Nancy,,,5
80157,Mcy Nuro Nancy,Line (ring),,
80157,Mcy Nuro Nancy,Line (ring),,
80157,Mcy Nuro Nancy,Line (ring),,
80157,Mcy Nuro Nancy,Speed-dial,1.58024E+11,
80157,Mcy Nuro Nancy,Speed-dial,1590241,
81162,MICU,,,10
81162,MICU,Line (ring),,
81162,MICU,Shared-line,81100,
81162,MICU,Line (ring),,
81162,MICU,Shared-line,81100,
81162,MICU,Line (ring),,
81162,MICU,Shared-line,81100,
81162,MICU,Speed-dial,96618213,
81162,MICU,Shared-line,81100,
81162,MICU,Speed-dial,94181438,
81162,MICU,Shared-line,81100,
84086,NICU,,,8
84086,NICU,Line (ring),,
84086,NICU,Shared-line,84000,
84086,NICU,Line (ring),,
84086,NICU,Shared-line,84000,
84086,NICU,Line (ring),,
84086,NICU,Shared-line,84000,
84086,NICU,Shared-line,84000,
84086,NICU,Speed-dial,74480,
83151,Ante Partum,,,10
83151,Ante Partum,Line (ring),,
83151,Ante Partum,Line (ring),,
83151,Ante Partum,Shared-line,83100,
83151,Ante Partum,Shared-line,83150,
83151,Ante Partum,Shared-line,83100,
83151,Ante Partum,Shared-line,83150,
83151,Ante Partum,Shared-line,83100,
83151,Ante Partum,Shared-line,83150,
83151,Ante Partum,Shared-line,83100,
83151,Ante Partum,Shared-line,83150,
80147,Mercy Spine,,,3
80147,Mercy Spine,Line (ring),,
80147,Mercy Spine,Line (ring),,
80147,Mercy Spine,Line (ring),,
81151,MICU,,,10
81151,MICU,Line (ring),,
81151,MICU,Shared-line,81100,
81151,MICU,Line (ring),,
81151,MICU,Shared-line,81100,
81151,MICU,Line (ring),,
81151,MICU,Shared-line,81100,
81151,MICU,Speed-dial,96618213,
81151,MICU,Shared-line,81100,
81151,MICU,Speed-dial,94181438,
81151,MICU,Shared-line,81100,
84051,NICU,,,10
84051,NICU,Line (ring),,
84051,NICU,Speed-dial,96618214,
84051,NICU,Shared-line,84000,
84051,NICU,Speed-dial,94732769,
84051,NICU,Shared-line,84000,
84051,NICU,Speed-dial,73280,
84051,NICU,Shared-line,84000,
84051,NICU,Speed-dial,74471,
84051,NICU,Shared-line,84000,
84051,NICU,Speed-dial,74480,
83065,Clinical Resource Nurse,,,7
83065,Clinical Resource Nurse,Line (ring),,
83065,Clinical Resource Nurse,Speed-dial,73207,
83065,Clinical Resource Nurse,Line (ring),,
83065,Clinical Resource Nurse,Speed-dial,9.15155E+11,
83065,Clinical Resource Nurse,Line (ring),,
83065,Clinical Resource Nurse,Speed-dial,38408,
83065,Clinical Resource Nurse,Speed-dial,73000,
81158,MICU,,,10
81158,MICU,Line (ring),,
81158,MICU,Shared-line,81100,
81158,MICU,Line (ring),,
81158,MICU,Shared-line,81100,
81158,MICU,Line (ring),,
81158,MICU,Shared-line,81100,
81158,MICU,Speed-dial,96618213,
81158,MICU,Shared-line,81100,
81158,MICU,Speed-dial,94181438,
81158,MICU,Shared-line,81100,
84073,Neonatalogist Office,,,3
84073,Neonatalogist Office,Line (ring),,
84073,Neonatalogist Office,Line (ring),,
84073,Neonatalogist Office,Line (ring),,
81005,C/T SICU,,,10
81005,C/T SICU,Line (ring),,
81005,C/T SICU,Speed-dial,36475,
81005,C/T SICU,Shared-line,81000,
81005,C/T SICU,Speed-dial,73123,
81005,C/T SICU,Shared-line,81000,
81005,C/T SICU,Speed-dial,73280,
81005,C/T SICU,Shared-line,81000,
81005,C/T SICU,Speed-dial,74471,
81005,C/T SICU,Shared-line,81000,
81005,C/T SICU,Speed-dial,96618212,
84060,NICU Clinical Resource Nurs,,,3
84060,NICU Clinical Resource Nurs,Line (ring),,
84060,NICU Clinical Resource Nurs,Line (ring),,
84060,NICU Clinical Resource Nurs,Line (ring),,
80116,Mcy Nuro Haley,,,3
80116,Mcy Nuro Haley,Line (ring),,
80116,Mcy Nuro Haley,Line (ring),,
80116,Mcy Nuro Haley,Line (ring),,
83127,East 3 main Nurse Desk,,,10
83127,East 3 main Nurse Desk,Line (ring),,
83127,East 3 main Nurse Desk,Line (ring),,
83127,East 3 main Nurse Desk,Shared-line,83100,
83127,East 3 main Nurse Desk,Shared-line,83150,
83127,East 3 main Nurse Desk,Shared-line,83100,
83127,East 3 main Nurse Desk,Shared-line,83150,
83127,East 3 main Nurse Desk,Shared-line,83100,
83127,East 3 main Nurse Desk,Shared-line,83150,
83127,East 3 main Nurse Desk,Shared-line,83100,
83127,East 3 main Nurse Desk,Shared-line,83150,
81165,MICU,,,10
81165,MICU,Line (ring),,
81165,MICU,Shared-line,81100,
81165,MICU,Line (ring),,
81165,MICU,Shared-line,81100,
81165,MICU,Line (ring),,
81165,MICU,Shared-line,81100,
81165,MICU,Speed-dial,96618213,
81165,MICU,Shared-line,81100,
81165,MICU,Speed-dial,94181438,
81165,MICU,Shared-line,81100,
83024,Labor/Birthing,,,10
83024,Labor/Birthing,Line (ring),,
83024,Labor/Birthing,Line (ring),,
83024,Labor/Birthing,Shared-line,83000,
83024,Labor/Birthing,Speed-dial,92404768,
83024,Labor/Birthing,Shared-line,83000,
83024,Labor/Birthing,Speed-dial,97208598,
83024,Labor/Birthing,Shared-line,83000,
83024,Labor/Birthing,Speed-dial,97243306,
83024,Labor/Birthing,Shared-line,83000,
83024,Labor/Birthing,Speed-dial,93583132,
85010,OneCare - FirstNet,,,5
85010,OneCare - FirstNet,Line (ring),,
85010,OneCare - FirstNet,Line (ring),,
85010,OneCare - FirstNet,Line (ring),,
85010,OneCare - FirstNet,Line (ring),,
85010,OneCare - FirstNet,Line (ring),,
81095,C/TSICU Med Dir,,,3
81095,C/TSICU Med Dir,Line (ring),,
81095,C/TSICU Med Dir,Line (ring),,
81095,C/TSICU Med Dir,Line (ring),,
81007,C/T SICU,,,10
81007,C/T SICU,Line (ring),,
81007,C/T SICU,Speed-dial,36475,
81007,C/T SICU,Shared-line,81000,
81007,C/T SICU,Speed-dial,73123,
81007,C/T SICU,Shared-line,81000,
81007,C/T SICU,Speed-dial,73280,
81007,C/T SICU,Shared-line,81000,
81007,C/T SICU,Speed-dial,74471,
81007,C/T SICU,Shared-line,81000,
81007,C/T SICU,Speed-dial,96618212,
83043,Birthing Dr. Sleep Room,,,3
83043,Birthing Dr. Sleep Room,Line (ring),,
83043,Birthing Dr. Sleep Room,Line (ring),,
83043,Birthing Dr. Sleep Room,Line (ring),,
80054,Ruan Rm 161,,,4
80054,Ruan Rm 161,Line (ring),,
80054,Ruan Rm 161,Line (ring),,
80054,Ruan Rm 161,Line (ring),,
80054,Ruan Rm 161,Speed-dial,73000,
85092,Starbucks Manager,,,2
85092,Starbucks Manager,Line (ring),,
85092,Starbucks Manager,BLF,,
85022,OneCare Aud,,,3
85022,OneCare Aud,Line (ring),,
85022,OneCare Aud,Line (ring),,
85022,OneCare Aud,Line (ring),,
80033,Debbie Adamietz,,,6
80033,Debbie Adamietz,Line (ring),,
80033,Debbie Adamietz,Line (ring),,
80033,Debbie Adamietz,Line (ring),,
80033,Debbie Adamietz,Speed-dial,1.58006E+11,
80033,Debbie Adamietz,BLF,,
80033,Debbie Adamietz,BLF,,
83019,Labor / Birthing,,,10
83019,Labor / Birthing,Line (ring),,
83019,Labor / Birthing,Line (ring),,
83019,Labor / Birthing,Shared-line,83000,
83019,Labor / Birthing,Speed-dial,92404768,
83019,Labor / Birthing,Shared-line,83000,
83019,Labor / Birthing,Speed-dial,97208598,
83019,Labor / Birthing,Shared-line,83000,
83019,Labor / Birthing,Speed-dial,97243306,
83019,Labor / Birthing,Shared-line,83000,
83019,Labor / Birthing,Speed-dial,93583132,
83124,Adrienne Messer,,,3
83124,Adrienne Messer,Line (ring),,
83124,Adrienne Messer,Line (ring),,
83124,Adrienne Messer,Line (ring),,
81072,C/T SICU,,,10
81072,C/T SICU,Line (ring),,
81072,C/T SICU,Shared-line,81000,
81072,C/T SICU,Shared-line,81000,
81072,C/T SICU,Speed-dial,73123,
81072,C/T SICU,Shared-line,81000,
81072,C/T SICU,Speed-dial,81060,
81072,C/T SICU,Shared-line,81000,
81072,C/T SICU,Speed-dial,74471,
81072,C/T SICU,Shared-line,81000,
81072,C/T SICU,Speed-dial,92344293,
83061,Labor and Birth Billing,,,5
83061,Labor and Birth Billing,Line (ring),,
83061,Labor and Birth Billing,Line (ring),,
83061,Labor and Birth Billing,Line (ring),,
83061,Labor and Birth Billing,Speed-dial,73000,
83061,Labor and Birth Billing,Speed-dial,73207,
80024,Ruan Dr Keith Kohout,,,4
80024,Ruan Dr Keith Kohout,Line (ring),,
80024,Ruan Dr Keith Kohout,Line (ring),,
80024,Ruan Dr Keith Kohout,Line (ring),,
80024,Ruan Dr Keith Kohout,Speed-dial,73000,
84068,NICU South Desk,,,10
84068,NICU South Desk,Line (ring),,
84068,NICU South Desk,Speed-dial,96618214,
84068,NICU South Desk,Shared-line,84000,
84068,NICU South Desk,Speed-dial,94732769,
84068,NICU South Desk,Shared-line,84000,
84068,NICU South Desk,Speed-dial,73280,
84068,NICU South Desk,Shared-line,84000,
84068,NICU South Desk,Speed-dial,74471,
84068,NICU South Desk,Shared-line,84000,
84068,NICU South Desk,Speed-dial,74480,
84081,NICU,,,10
84081,NICU,Line (ring),,
84081,NICU,Speed-dial,96618214,
84081,NICU,Shared-line,84000,
84081,NICU,Speed-dial,94732769,
84081,NICU,Shared-line,84000,
84081,NICU,Speed-dial,73280,
84081,NICU,Shared-line,84000,
84081,NICU,Speed-dial,74471,
84081,NICU,Shared-line,84000,
84081,NICU,Speed-dial,74480,
80118,Brain/Spine Clinic,,,5
80118,Brain/Spine Clinic,Line (ring),,
80118,Brain/Spine Clinic,Shared-line,80122,
80118,Brain/Spine Clinic,Line (ring),,
80118,Brain/Spine Clinic,Shared-line,80122,
80118,Brain/Spine Clinic,Line (ring),,
80036,Ruan Neuro Conference Rm,,,3
80036,Ruan Neuro Conference Rm,Line (ring),,
80036,Ruan Neuro Conference Rm,Line (ring),,
80036,Ruan Neuro Conference Rm,Line (ring),,
82067,M/B Nursery,,,6
82067,M/B Nursery,Line (ring),,
82067,M/B Nursery,Line (ring),,
82067,M/B Nursery,Shared-line,82050,
82067,M/B Nursery,Shared-line,82050,
82067,M/B Nursery,Shared-line,82050,
82067,M/B Nursery,Shared-line,82050,
80012,Ruan Neuro Steven Adelman,,,5
80012,Ruan Neuro Steven Adelman,Line (ring),,
80012,Ruan Neuro Steven Adelman,Line (ring),,
80012,Ruan Neuro Steven Adelman,Line (ring),,
80012,Ruan Neuro Steven Adelman,Speed-dial,73000,
80012,Ruan Neuro Steven Adelman,Speed-dial,99655576,
80101,Brain / Spine,,,4
80101,Brain / Spine,Line (ring),,
80101,Brain / Spine,Line (ring),,
80101,Brain / Spine,Line (ring),,
80101,Brain / Spine,Line (ring),,
80061,Neuropsychology,,,3
80061,Neuropsychology,Line (ring),,
80061,Neuropsychology,Line (ring),,
80061,Neuropsychology,Line (ring),,
82096,Mother/Baby NS #6,,,6
82096,Mother/Baby NS #6,Line (ring),,
82096,Mother/Baby NS #6,Line (ring),,
82096,Mother/Baby NS #6,Shared-line,82000,
82096,Mother/Baby NS #6,Shared-line,82000,
82096,Mother/Baby NS #6,Shared-line,82000,
82096,Mother/Baby NS #6,Shared-line,82000,
85006,OneCare - Open,,,5
85006,OneCare - Open,Line (ring),,
85006,OneCare - Open,Line (ring),,
85006,OneCare - Open,Line (ring),,
85006,OneCare - Open,Line (ring),,
85006,OneCare - Open,Line (ring),,
85026,OneCare Aud,,,3
85026,OneCare Aud,Line (ring),,
85026,OneCare Aud,Line (ring),,
85026,OneCare Aud,Line (ring),,
82063,Mother/Baby NS #3,,,6
82063,Mother/Baby NS #3,Line (ring),,
82063,Mother/Baby NS #3,Line (ring),,
82063,Mother/Baby NS #3,Shared-line,82000,
82063,Mother/Baby NS #3,Shared-line,82000,
82063,Mother/Baby NS #3,Shared-line,82000,
82063,Mother/Baby NS #3,Shared-line,82000,
83030,Bereavement,,,5
83030,Bereavement,Line (ring),,
83030,Bereavement,Line (ring),,
83030,Bereavement,Line (ring),,
83030,Bereavement,Speed-dial,73000,
83030,Bereavement,Speed-dial,73207,
81003,C/T SICU,,,10
81003,C/T SICU,Line (ring),,
81003,C/T SICU,Speed-dial,36475,
81003,C/T SICU,Shared-line,81000,
81003,C/T SICU,Speed-dial,73123,
81003,C/T SICU,Shared-line,81000,
81003,C/T SICU,Speed-dial,73280,
81003,C/T SICU,Shared-line,81000,
81003,C/T SICU,Speed-dial,74471,
81003,C/T SICU,Shared-line,81000,
81003,C/T SICU,Speed-dial,96618212,
85094,Starbucks Kiosk,,,5
85094,Starbucks Kiosk,Line (ring),,
85094,Starbucks Kiosk,Shared-line,45094,
85094,Starbucks Kiosk,Line (ring),,
85094,Starbucks Kiosk,Shared-line,45094,
85094,Starbucks Kiosk,Line (ring),,
80001,Ruan Neuro Back Desk,,,5
80001,Ruan Neuro Back Desk,Line (ring),,
80001,Ruan Neuro Back Desk,Line (ring),,
80001,Ruan Neuro Back Desk,Line (ring),,
80001,Ruan Neuro Back Desk,Speed-dial,41400,
80001,Ruan Neuro Back Desk,BLF,,
80044,Jessica Harris,,,6
80044,Jessica Harris,Line (ring),,
80044,Jessica Harris,Line (ring),,
80044,Jessica Harris,Line (ring),,
80044,Jessica Harris,Speed-dial,1.58006E+11,
80044,Jessica Harris,BLF,,
80044,Jessica Harris,BLF,,
82082,Lactation Office,,,10
82082,Lactation Office,Line (ring),,
82082,Lactation Office,Line (ring),,
82082,Lactation Office,Line (ring),,
82082,Lactation Office,Speed-dial,73000,
82082,Lactation Office,Speed-dial,33060,
82082,Lactation Office,Speed-dial,32781,
82082,Lactation Office,Speed-dial,82080,
82082,Lactation Office,Speed-dial,82000,
82082,Lactation Office,Speed-dial,82050,
82082,Lactation Office,Speed-dial,84000,
80013,Ruan Neuro Bruce Hughes,,,5
80013,Ruan Neuro Bruce Hughes,Line (ring),,
80013,Ruan Neuro Bruce Hughes,Line (ring),,
80013,Ruan Neuro Bruce Hughes,Line (ring),,
80013,Ruan Neuro Bruce Hughes,Speed-dial,73000,
80013,Ruan Neuro Bruce Hughes,Speed-dial,9.18779E+11,
84050,NICU Nursery Dir,,,3
84050,NICU Nursery Dir,Line (ring),,
84050,NICU Nursery Dir,Line (ring),,
84050,NICU Nursery Dir,Line (ring),,
82073,Mother/Baby Rm 2073 (north),,,3
82073,Mother/Baby Rm 2073 (north),Line (ring),,
82073,Mother/Baby Rm 2073 (north),Line (ring),,
82073,Mother/Baby Rm 2073 (north),Line (ring),,
83032,Labor/Birthing,,,9
83032,Labor/Birthing,Line (ring),,
83032,Labor/Birthing,Line (ring),,
83032,Labor/Birthing,Shared-line,83000,
83032,Labor/Birthing,Speed-dial,92404768,
83032,Labor/Birthing,Shared-line,83000,
83032,Labor/Birthing,Speed-dial,97208598,
83032,Labor/Birthing,Shared-line,83000,
83032,Labor/Birthing,Speed-dial,97243306,
83032,Labor/Birthing,Shared-line,83000,
82089,Mother/Baby,,,6
82089,Mother/Baby,Line (ring),,
82089,Mother/Baby,Shared-line,82000,
82089,Mother/Baby,Line (ring),,
82089,Mother/Baby,Shared-line,82000,
82089,Mother/Baby,Line (ring),,
82089,Mother/Baby,Shared-line,82000,
84064,NICU,,,10
84064,NICU,Line (ring),,
84064,NICU,Speed-dial,96618214,
84064,NICU,Shared-line,84000,
84064,NICU,Speed-dial,94732769,
84064,NICU,Shared-line,84000,
84064,NICU,Speed-dial,73280,
84064,NICU,Shared-line,84000,
84064,NICU,Speed-dial,74471,
84064,NICU,Shared-line,84000,
84064,NICU,Speed-dial,74480,
85075,Med Imaging CR Proc (1st FL,,,3
85075,Med Imaging CR Proc (1st FL,Line (ring),,
85075,Med Imaging CR Proc (1st FL,Line (ring),,
85075,Med Imaging CR Proc (1st FL,Line (ring),,
82102,Mother/Baby NS #2,,,6
82102,Mother/Baby NS #2,Line (ring),,
82102,Mother/Baby NS #2,Line (ring),,
82102,Mother/Baby NS #2,Shared-line,82000,
82102,Mother/Baby NS #2,Shared-line,82000,
82102,Mother/Baby NS #2,Shared-line,82000,
82102,Mother/Baby NS #2,Shared-line,82000,
82071,M/B Nursery,,,6
82071,M/B Nursery,Line (ring),,
82071,M/B Nursery,Line (ring),,
82071,M/B Nursery,Shared-line,82050,
82071,M/B Nursery,Shared-line,82050,
82071,M/B Nursery,Shared-line,82050,
82071,M/B Nursery,Shared-line,82050,
83017,C - Section Room 2,,,6
83017,C - Section Room 2,Line (ring),,
83017,C - Section Room 2,Line (ring),,
83017,C - Section Room 2,Shared-line,83000,
83017,C - Section Room 2,Shared-line,83000,
83017,C - Section Room 2,Shared-line,83000,
83017,C - Section Room 2,Shared-line,83000,
81149,MICU,,,10
81149,MICU,Line (ring),,
81149,MICU,Shared-line,81100,
81149,MICU,Line (ring),,
81149,MICU,Shared-line,81100,
81149,MICU,Line (ring),,
81149,MICU,Shared-line,81100,
81149,MICU,Speed-dial,96618213,
81149,MICU,Shared-line,81100,
81149,MICU,Speed-dial,94181438,
81149,MICU,Shared-line,81100,
80131,Mercy Brain/Spine,,,3
80131,Mercy Brain/Spine,Line (ring),,
80131,Mercy Brain/Spine,Line (ring),,
80131,Mercy Brain/Spine,Line (ring),,
84500,Telecom number test,,,3
84500,Telecom number test,Line (ring),,
84500,Telecom number test,Line (ring),,
84500,Telecom number test,Line (ring),,
81167,MICU,,,10
81167,MICU,Line (ring),,
81167,MICU,Shared-line,81100,
81167,MICU,Line (ring),,
81167,MICU,Shared-line,81100,
81167,MICU,Line (ring),,
81167,MICU,Shared-line,81100,
81167,MICU,Speed-dial,96618213,
81167,MICU,Shared-line,81100,
81167,MICU,Speed-dial,94181438,
81167,MICU,Shared-line,81100,
85076,Surgery Waiting Desk,,,3
85076,Surgery Waiting Desk,Line (ring),,
85076,Surgery Waiting Desk,Line (ring),,
85076,Surgery Waiting Desk,Line (ring),,
81159,MICU,,,10
81159,MICU,Line (ring),,
81159,MICU,Shared-line,81100,
81159,MICU,Line (ring),,
81159,MICU,Shared-line,81100,
81159,MICU,Line (ring),,
81159,MICU,Shared-line,81100,
81159,MICU,Speed-dial,96618213,
81159,MICU,Shared-line,81100,
81159,MICU,Speed-dial,94181438,
81159,MICU,Shared-line,81100,
80009,Ruan Neuro Mark Puricelli,,,5
80009,Ruan Neuro Mark Puricelli,Line (ring),,
80009,Ruan Neuro Mark Puricelli,Line (ring),,
80009,Ruan Neuro Mark Puricelli,Line (ring),,
80009,Ruan Neuro Mark Puricelli,Speed-dial,73000,
80009,Ruan Neuro Mark Puricelli,Speed-dial,9.18779E+11,
81060,ICU Pharmasist 1E,,,3
81060,ICU Pharmasist 1E,Line (ring),,
81060,ICU Pharmasist 1E,Line (ring),,
81060,ICU Pharmasist 1E,Line (ring),,
82065,Mother/Baby NS #5,,,8
82065,Mother/Baby NS #5,Line (ring),,
82065,Mother/Baby NS #5,Shared-line,82000,
82065,Mother/Baby NS #5,Line (ring),,
82065,Mother/Baby NS #5,Shared-line,82000,
82065,Mother/Baby NS #5,Line (ring),,
82065,Mother/Baby NS #5,Shared-line,82000,
82065,Mother/Baby NS #5,Line (ring),,
82065,Mother/Baby NS #5,Shared-line,82000,
80032,Marshina Gemmell,,,10
80032,Marshina Gemmell,Line (ring),,
80032,Marshina Gemmell,Speed-dial,74308,
80032,Marshina Gemmell,Line (ring),,
80032,Marshina Gemmell,Speed-dial,73130,
80032,Marshina Gemmell,Line (ring),,
80032,Marshina Gemmell,Speed-dial,74255,
80032,Marshina Gemmell,Speed-dial,80008,
80032,Marshina Gemmell,Speed-dial,92622592,
80032,Marshina Gemmell,Speed-dial,74444,
80032,Marshina Gemmell,Speed-dial,73000,
80037,Robin Ferns,,,5
80037,Robin Ferns,Line (ring),,
80037,Robin Ferns,Line (ring),,
80037,Robin Ferns,Line (ring),,
80037,Robin Ferns,Speed-dial,1.58006E+11,
80037,Robin Ferns,BLF,,
83036,C - Section Room 3,,,7
83036,C - Section Room 3,Line (ring),,
83036,C - Section Room 3,Line (ring),,
83036,C - Section Room 3,Shared-line,83000,
83036,C - Section Room 3,Speed-dial,92404768,
83036,C - Section Room 3,Shared-line,83000,
83036,C - Section Room 3,Shared-line,83000,
83036,C - Section Room 3,Shared-line,83000,
82000,Mother Baby 2 East,,,5
82000,Mother Baby 2 East,Line (ring),,
82000,Mother Baby 2 East,Line (ring),,
82000,Mother Baby 2 East,Line (ring),,
82000,Mother Baby 2 East,Line (ring),,
82000,Mother Baby 2 East,Line (ring),,
81153,MICU Conference Rm,,,10
81153,MICU Conference Rm,Line (ring),,
81153,MICU Conference Rm,Shared-line,81100,
81153,MICU Conference Rm,Line (ring),,
81153,MICU Conference Rm,Shared-line,81100,
81153,MICU Conference Rm,Line (ring),,
81153,MICU Conference Rm,Shared-line,81100,
81153,MICU Conference Rm,Speed-dial,96618213,
81153,MICU Conference Rm,Shared-line,81100,
81153,MICU Conference Rm,Speed-dial,318,
81153,MICU Conference Rm,Shared-line,81100,
80005,Ruan Neuro  Teresa Long,,,3
80005,Ruan Neuro  Teresa Long,Line (ring),,
80005,Ruan Neuro  Teresa Long,Line (ring),,
80005,Ruan Neuro  Teresa Long,Line (ring),,
81050,MICU East Wating Rm,,,2
81050,MICU East Wating Rm,Line (ring),,
81050,MICU East Wating Rm,Line (ring),,
81085,T/CSICU,,,10
81085,T/CSICU,Line (ring),,
81085,T/CSICU,Speed-dial,36475,
81085,T/CSICU,Shared-line,81000,
81085,T/CSICU,Speed-dial,73123,
81085,T/CSICU,Shared-line,81000,
81085,T/CSICU,Speed-dial,81060,
81085,T/CSICU,Shared-line,81000,
81085,T/CSICU,Speed-dial,74471,
81085,T/CSICU,Shared-line,81000,
81085,T/CSICU,Speed-dial,96618212,
85027,OneCare Conf rm 2 - 85027,,,3
85027,OneCare Conf rm 2 - 85027,Line (ring),,
85027,OneCare Conf rm 2 - 85027,Line (ring),,
85027,OneCare Conf rm 2 - 85027,Line (ring),,
81090,C/TSICU,,,10
81090,C/TSICU,Line (ring),,
81090,C/TSICU,Speed-dial,36475,
81090,C/TSICU,Shared-line,81000,
81090,C/TSICU,Speed-dial,73123,
81090,C/TSICU,Shared-line,81000,
81090,C/TSICU,Speed-dial,81060,
81090,C/TSICU,Shared-line,81000,
81090,C/TSICU,Speed-dial,74471,
81090,C/TSICU,Shared-line,81000,
81090,C/TSICU,Speed-dial,96618212,
82085,UND 2 East,,,3
82085,UND 2 East,Line (ring),,
82085,UND 2 East,Line (ring),,
82085,UND 2 East,Line (ring),,
80146,Mcy Nuro Kevin,,,3
80146,Mcy Nuro Kevin,Line (ring),,
80146,Mcy Nuro Kevin,Line (ring),,
80146,Mcy Nuro Kevin,Line (ring),,
81157,MICU,,,10
81157,MICU,Line (ring),,
81157,MICU,Shared-line,81100,
81157,MICU,Line (ring),,
81157,MICU,Shared-line,81100,
81157,MICU,Line (ring),,
81157,MICU,Shared-line,81100,
81157,MICU,Speed-dial,96618213,
81157,MICU,Shared-line,81100,
81157,MICU,Speed-dial,94181438,
81157,MICU,Shared-line,81100,
84065,NICU,,,10
84065,NICU,Line (ring),,
84065,NICU,Speed-dial,96618214,
84065,NICU,Shared-line,84000,
84065,NICU,Speed-dial,94732769,
84065,NICU,Shared-line,84000,
84065,NICU,Speed-dial,73280,
84065,NICU,Shared-line,84000,
84065,NICU,Speed-dial,74471,
84065,NICU,Shared-line,84000,
84065,NICU,Speed-dial,74480,
80016,Ruan Neuro,,,3
80016,Ruan Neuro,Line (ring),,
80016,Ruan Neuro,Line (ring),,
80016,Ruan Neuro,Line (ring),,
83129,East 3 Antepartum,,,10
83129,East 3 Antepartum,Line (ring),,
83129,East 3 Antepartum,Line (ring),,
83129,East 3 Antepartum,Shared-line,83100,
83129,East 3 Antepartum,Shared-line,83150,
83129,East 3 Antepartum,Shared-line,83100,
83129,East 3 Antepartum,Shared-line,83150,
83129,East 3 Antepartum,Shared-line,83100,
83129,East 3 Antepartum,Shared-line,83150,
83129,East 3 Antepartum,Shared-line,83100,
83129,East 3 Antepartum,Shared-line,83150,
80176,MRI East Tower Control RM,,,3
80176,MRI East Tower Control RM,Line (ring),,
80176,MRI East Tower Control RM,Line (ring),,
80176,MRI East Tower Control RM,Line (ring),,
83018,C - Section Room 1,,,6
83018,C - Section Room 1,Line (ring),,
83018,C - Section Room 1,Line (ring),,
83018,C - Section Room 1,Shared-line,83000,
83018,C - Section Room 1,Shared-line,83000,
83018,C - Section Room 1,Shared-line,83000,
83018,C - Section Room 1,Shared-line,83000,
80042,Ruan Connie Storey,,,5
80042,Ruan Connie Storey,Line (ring),,
80042,Ruan Connie Storey,Line (ring),,
80042,Ruan Connie Storey,Line (ring),,
80042,Ruan Connie Storey,Speed-dial,1.58006E+11,
80042,Ruan Connie Storey,BLF,,
85069,A Level Prep Kitchen,,,3
85069,A Level Prep Kitchen,Line (ring),,
85069,A Level Prep Kitchen,Line (ring),,
85069,A Level Prep Kitchen,Line (ring),,
80124,Mercy Brain/Spine Dr Munson,,,3
80124,Mercy Brain/Spine Dr Munson,Line (ring),,
80124,Mercy Brain/Spine Dr Munson,Line (ring),,
80124,Mercy Brain/Spine Dr Munson,Line (ring),,
82095,Mother/Baby NS #5,,,6
82095,Mother/Baby NS #5,Line (ring),,
82095,Mother/Baby NS #5,Line (ring),,
82095,Mother/Baby NS #5,Shared-line,82000,
82095,Mother/Baby NS #5,Shared-line,82000,
82095,Mother/Baby NS #5,Shared-line,82000,
82095,Mother/Baby NS #5,Shared-line,82000,
83040,Amy Epstein,,,7
83040,Amy Epstein,Line (ring),,
83040,Amy Epstein,Speed-dial,73207,
83040,Amy Epstein,Line (ring),,
83040,Amy Epstein,Speed-dial,9.15155E+11,
83040,Amy Epstein,Line (ring),,
83040,Amy Epstein,Speed-dial,38408,
83040,Amy Epstein,Speed-dial,73000,
80155,Mercy Spine Room B405,,,3
80155,Mercy Spine Room B405,Line (ring),,
80155,Mercy Spine Room B405,Line (ring),,
80155,Mercy Spine Room B405,Line (ring),,
82103,Mother/Baby NS #3,,,6
82103,Mother/Baby NS #3,Line (ring),,
82103,Mother/Baby NS #3,Line (ring),,
82103,Mother/Baby NS #3,Shared-line,82000,
82103,Mother/Baby NS #3,Shared-line,82000,
82103,Mother/Baby NS #3,Shared-line,82000,
82103,Mother/Baby NS #3,Shared-line,82000,
80141,Referrals,,,5
80141,Referrals,Line (ring),,
80141,Referrals,Line (ring),,
80141,Referrals,Line (ring),,
80141,Referrals,Speed-dial,1.58024E+11,
80141,Referrals,Speed-dial,1590241,
84080,Pat Care Mgr.,,,3
84080,Pat Care Mgr.,Line (ring),,
84080,Pat Care Mgr.,Line (ring),,
84080,Pat Care Mgr.,Line (ring),,
81056,TSICU Consult Rm,,,2
81056,TSICU Consult Rm,Line (ring),,
81056,TSICU Consult Rm,Line (ring),,
83125,Child Birth Ed_ Tamela,,,3
83125,Child Birth Ed_ Tamela,Line (ring),,
83125,Child Birth Ed_ Tamela,Line (ring),,
83125,Child Birth Ed_ Tamela,Line (ring),,
84084,Maternal Child S/S,,,3
84084,Maternal Child S/S,Line (ring),,
84084,Maternal Child S/S,Line (ring),,
84084,Maternal Child S/S,Line (ring),,
80188,MRI East Tower Perp,,,3
80188,MRI East Tower Perp,Line (ring),,
80188,MRI East Tower Perp,Line (ring),,
80188,MRI East Tower Perp,Line (ring),,
83046,Labor/Birthing,,,10
83046,Labor/Birthing,Line (ring),,
83046,Labor/Birthing,Line (ring),,
83046,Labor/Birthing,Shared-line,83000,
83046,Labor/Birthing,Speed-dial,92404768,
83046,Labor/Birthing,Shared-line,83000,
83046,Labor/Birthing,Speed-dial,97208598,
83046,Labor/Birthing,Shared-line,83000,
83046,Labor/Birthing,Speed-dial,97243306,
83046,Labor/Birthing,Shared-line,83000,
83046,Labor/Birthing,Speed-dial,93583132,
84067,NICU,,,10
84067,NICU,Line (ring),,
84067,NICU,Speed-dial,96618214,
84067,NICU,Shared-line,84000,
84067,NICU,Speed-dial,94732769,
84067,NICU,Shared-line,84000,
84067,NICU,Speed-dial,73280,
84067,NICU,Shared-line,84000,
84067,NICU,Speed-dial,74471,
84067,NICU,Shared-line,84000,
84067,NICU,Speed-dial,74480,
80189,MRI East Tower Check Out,,,5
80189,MRI East Tower Check Out,Line (ring),,
80189,MRI East Tower Check Out,Line (ring),,
80189,MRI East Tower Check Out,Line (ring),,
80189,MRI East Tower Check Out,Speed-dial,1.58024E+11,
80189,MRI East Tower Check Out,Speed-dial,1590241,
81092,T/CSICU,,,10
81092,T/CSICU,Line (ring),,
81092,T/CSICU,Speed-dial,36475,
81092,T/CSICU,Shared-line,81000,
81092,T/CSICU,Speed-dial,73123,
81092,T/CSICU,Shared-line,81000,
81092,T/CSICU,Speed-dial,81060,
81092,T/CSICU,Shared-line,81000,
81092,T/CSICU,Speed-dial,74471,
81092,T/CSICU,Shared-line,81000,
81092,T/CSICU,Speed-dial,96618212,
80177,MRI Control RM (X-Ray),,,3
80177,MRI Control RM (X-Ray),Line (ring),,
80177,MRI Control RM (X-Ray),Line (ring),,
80177,MRI Control RM (X-Ray),Line (ring),,
81064,T/SICU IA Heart Surgery,,,10
81064,T/SICU IA Heart Surgery,Line (ring),,
81064,T/SICU IA Heart Surgery,Speed-dial,92474085,
81064,T/SICU IA Heart Surgery,Line (ring),,
81064,T/SICU IA Heart Surgery,Speed-dial,93581000,
81064,T/SICU IA Heart Surgery,Line (ring),,
81064,T/SICU IA Heart Surgery,Speed-dial,92474095,
81064,T/SICU IA Heart Surgery,Speed-dial,92473700,
81064,T/SICU IA Heart Surgery,Speed-dial,96333600,
81064,T/SICU IA Heart Surgery,Speed-dial,92473900,
81064,T/SICU IA Heart Surgery,Speed-dial,9.18002E+11,
83133,East 3 Antepartum Triage,,,10
83133,East 3 Antepartum Triage,Line (ring),,
83133,East 3 Antepartum Triage,Line (ring),,
83133,East 3 Antepartum Triage,Shared-line,83100,
83133,East 3 Antepartum Triage,Shared-line,83150,
83133,East 3 Antepartum Triage,Shared-line,83100,
83133,East 3 Antepartum Triage,Shared-line,83150,
83133,East 3 Antepartum Triage,Shared-line,83100,
83133,East 3 Antepartum Triage,Shared-line,83150,
83133,East 3 Antepartum Triage,Shared-line,83100,
83133,East 3 Antepartum Triage,Shared-line,83150,
80184,MRI East Tower Main Desk,,,7
80184,MRI East Tower Main Desk,Line (ring),,
80184,MRI East Tower Main Desk,Shared-line,40180,
80184,MRI East Tower Main Desk,Line (ring),,
80184,MRI East Tower Main Desk,Shared-line,40180,
80184,MRI East Tower Main Desk,Line (ring),,
80184,MRI East Tower Main Desk,Shared-line,40180,
80184,MRI East Tower Main Desk,Line (ring),,
83126,East tower Dr office,,,3
83126,East tower Dr office,Line (ring),,
83126,East tower Dr office,Line (ring),,
83126,East tower Dr office,Line (ring),,
80027,Ruan Neuro-Donna Gideon,,,3
80027,Ruan Neuro-Donna Gideon,Line (ring),,
80027,Ruan Neuro-Donna Gideon,Line (ring),,
80027,Ruan Neuro-Donna Gideon,Line (ring),,
80046,Ruan- Beverly Jefferies,,,4
80046,Ruan- Beverly Jefferies,Line (ring),,
80046,Ruan- Beverly Jefferies,Line (ring),,
80046,Ruan- Beverly Jefferies,Line (ring),,
80046,Ruan- Beverly Jefferies,Speed-dial,73000,
83026,Labor/Birthing,,,6
83026,Labor/Birthing,Line (ring),,
83026,Labor/Birthing,Line (ring),,
83026,Labor/Birthing,Shared-line,83000,
83026,Labor/Birthing,Shared-line,83000,
83026,Labor/Birthing,Shared-line,83000,
83026,Labor/Birthing,Shared-line,83000,
84085,NICU,,,8
84085,NICU,Line (ring),,
84085,NICU,Shared-line,84000,
84085,NICU,Line (ring),,
84085,NICU,Shared-line,84000,
84085,NICU,Line (ring),,
84085,NICU,Shared-line,84000,
84085,NICU,Speed-dial,96618214,
84085,NICU,Shared-line,84000,
82061,Mother/Baby NS #1,,,6
82061,Mother/Baby NS #1,Line (ring),,
82061,Mother/Baby NS #1,Line (ring),,
82061,Mother/Baby NS #1,Shared-line,82000,
82061,Mother/Baby NS #1,Shared-line,82000,
82061,Mother/Baby NS #1,Shared-line,82000,
82061,Mother/Baby NS #1,Shared-line,82000,
80014,Ruan Randall Hamilton,,,3
80014,Ruan Randall Hamilton,Line (ring),,
80014,Ruan Randall Hamilton,Line (ring),,
80014,Ruan Randall Hamilton,Line (ring),,
80047,Ruan Ofc A109,,,3
80047,Ruan Ofc A109,Line (ring),,
80047,Ruan Ofc A109,Line (ring),,
80047,Ruan Ofc A109,Line (ring),,
80053,Ruan Nero Pam Juhl,,,4
80053,Ruan Nero Pam Juhl,Line (ring),,
80053,Ruan Nero Pam Juhl,Line (ring),,
80053,Ruan Nero Pam Juhl,Line (ring),,
80053,Ruan Nero Pam Juhl,BLF,,
85068,East Tower Board Rm,,,3
85068,East Tower Board Rm,Line (ring),,
85068,East Tower Board Rm,Line (ring),,
85068,East Tower Board Rm,Line (ring),,
80164,Mercy Spine Exam.Room 404,,,3
80164,Mercy Spine Exam.Room 404,Line (ring),,
80164,Mercy Spine Exam.Room 404,Line (ring),,
80164,Mercy Spine Exam.Room 404,Line (ring),,
82107,Mother/Baby NS #6,,,6
82107,Mother/Baby NS #6,Line (ring),,
82107,Mother/Baby NS #6,Line (ring),,
82107,Mother/Baby NS #6,Shared-line,82000,
82107,Mother/Baby NS #6,Shared-line,82000,
82107,Mother/Baby NS #6,Shared-line,82000,
82107,Mother/Baby NS #6,Shared-line,82000,
83038,C - Section Room 1,,,7
83038,C - Section Room 1,Line (ring),,
83038,C - Section Room 1,Line (ring),,
83038,C - Section Room 1,Shared-line,83000,
83038,C - Section Room 1,Speed-dial,92404768,
83038,C - Section Room 1,Shared-line,83000,
83038,C - Section Room 1,Shared-line,83000,
83038,C - Section Room 1,Shared-line,83000,
82064,Mother/Baby NS #4,,,6
82064,Mother/Baby NS #4,Line (ring),,
82064,Mother/Baby NS #4,Line (ring),,
82064,Mother/Baby NS #4,Shared-line,82000,
82064,Mother/Baby NS #4,Shared-line,82000,
82064,Mother/Baby NS #4,Shared-line,82000,
82064,Mother/Baby NS #4,Shared-line,82000,
82106,Mother/Baby NS #6,,,6
82106,Mother/Baby NS #6,Line (ring),,
82106,Mother/Baby NS #6,Line (ring),,
82106,Mother/Baby NS #6,Shared-line,82000,
82106,Mother/Baby NS #6,Shared-line,82000,
82106,Mother/Baby NS #6,Shared-line,82000,
82106,Mother/Baby NS #6,Shared-line,82000,
80122,Dr Back Door Brain/Spine,,,3
80122,Dr Back Door Brain/Spine,Line (ring),,
80122,Dr Back Door Brain/Spine,Line (ring),,
80122,Dr Back Door Brain/Spine,Line (ring),,
80038,Receptionist,,,5
80038,Receptionist,Line (ring),,
80038,Receptionist,Line (ring),,
80038,Receptionist,Line (ring),,
80038,Receptionist,Speed-dial,1.58006E+11,
80038,Receptionist,BLF,,
80196,East Tower MRI Control Room,,,7
80196,East Tower MRI Control Room,Line (ring),,
80196,East Tower MRI Control Room,Speed-dial,38711,
80196,East Tower MRI Control Room,Line (ring),,
80196,East Tower MRI Control Room,Speed-dial,92017052,
80196,East Tower MRI Control Room,Line (ring),,
80196,East Tower MRI Control Room,Speed-dial,93718033,
80196,East Tower MRI Control Room,Speed-dial,97711316,
81094,T/CSICU,,,10
81094,T/CSICU,Line (ring),,
81094,T/CSICU,Speed-dial,36475,
81094,T/CSICU,Shared-line,81000,
81094,T/CSICU,Speed-dial,73123,
81094,T/CSICU,Shared-line,81000,
81094,T/CSICU,Speed-dial,81060,
81094,T/CSICU,Shared-line,81000,
81094,T/CSICU,Speed-dial,74471,
81094,T/CSICU,Shared-line,81000,
81094,T/CSICU,Speed-dial,96618212,
81091,T/CSICU,,,31
81091,T/CSICU,Line (ring),,
81091,T/CSICU,Speed-dial,11*554909,
81091,T/CSICU,Shared-line,81000,
81091,T/CSICU,Speed-dial,73123,
81091,T/CSICU,Shared-line,81000,
81091,T/CSICU,Speed-dial,81060,
81091,T/CSICU,Shared-line,81000,
81091,T/CSICU,Speed-dial,74471,
81091,T/CSICU,Shared-line,81000,
81091,T/CSICU,Speed-dial,96618212,
81091,T/CSICU,Speed-dial,41231,
81091,T/CSICU,Speed-dial,74240,
81091,T/CSICU,Speed-dial,74480,
81091,T/CSICU,Speed-dial,92341801,
81091,T/CSICU,Speed-dial,74253,
81091,T/CSICU,Speed-dial,92341803,
81091,T/CSICU,Speed-dial,73980,
81091,T/CSICU,Speed-dial,92341504,
81091,T/CSICU,Speed-dial,92290443,
81091,T/CSICU,Speed-dial,92345116,
81091,T/CSICU,Speed-dial,32781,
81091,T/CSICU,Speed-dial,92344393,
81091,T/CSICU,Speed-dial,73126,
81091,T/CSICU,Speed-dial,92241777,
81091,T/CSICU,Speed-dial,73135,
81091,T/CSICU,Speed-dial,35275,
81091,T/CSICU,Speed-dial,99548461,
81091,T/CSICU,Speed-dial,96333610,
81091,T/CSICU,Speed-dial,85077,
81091,T/CSICU,Speed-dial,73061,
81091,T/CSICU,Speed-dial,73029,
80058,Ruan Neuro Ofc 158,,,3
80058,Ruan Neuro Ofc 158,Line (ring),,
80058,Ruan Neuro Ofc 158,Line (ring),,
80058,Ruan Neuro Ofc 158,Line (ring),,
81081,C/T SICU,,,10
81081,C/T SICU,Line (ring),,
81081,C/T SICU,Shared-line,81000,
81081,C/T SICU,Shared-line,81000,
81081,C/T SICU,Speed-dial,73123,
81081,C/T SICU,Shared-line,81000,
81081,C/T SICU,Speed-dial,81060,
81081,C/T SICU,Shared-line,81000,
81081,C/T SICU,Speed-dial,74471,
81081,C/T SICU,Shared-line,81000,
81081,C/T SICU,Speed-dial,92344293,
81061,SICU Dept,,,3
81061,SICU Dept,Line (ring),,
81061,SICU Dept,Line (ring),,
81061,SICU Dept,Line (ring),,
83020,Kristin MacDonald,,,9
83020,Kristin MacDonald,Line (ring),,
83020,Kristin MacDonald,Speed-dial,83040,
83020,Kristin MacDonald,Line (ring),,
83020,Kristin MacDonald,Speed-dial,83000,
83020,Kristin MacDonald,Line (ring),,
83020,Kristin MacDonald,Speed-dial,83124,
83020,Kristin MacDonald,Speed-dial,88375,
83020,Kristin MacDonald,Speed-dial,73000,
83020,Kristin MacDonald,Speed-dial,92016235,
82104,Mother/Baby NS #4,,,6
82104,Mother/Baby NS #4,Line (ring),,
82104,Mother/Baby NS #4,Line (ring),,
82104,Mother/Baby NS #4,Shared-line,82000,
82104,Mother/Baby NS #4,Shared-line,82000,
82104,Mother/Baby NS #4,Shared-line,82000,
82104,Mother/Baby NS #4,Shared-line,82000,
85049,East Tower Security Desk,,,22
85049,East Tower Security Desk,Line (ring),,
85049,East Tower Security Desk,Line (ring),,
85049,East Tower Security Desk,Line (ring),,
85049,East Tower Security Desk,Speed-dial,73211,
85049,East Tower Security Desk,Speed-dial,32435,
85049,East Tower Security Desk,Speed-dial,92830151,
85049,East Tower Security Desk,Speed-dial,83132,
85049,East Tower Security Desk,Speed-dial,34160,
85049,East Tower Security Desk,Speed-dial,83131,
85049,East Tower Security Desk,Speed-dial,73060,
85049,East Tower Security Desk,Speed-dial,82000,
85049,East Tower Security Desk,Speed-dial,80189,
85049,East Tower Security Desk,Speed-dial,83000,
85049,East Tower Security Desk,Speed-dial,80011,
85049,East Tower Security Desk,Speed-dial,38428,
85049,East Tower Security Desk,Speed-dial,73111,
85049,East Tower Security Desk,Speed-dial,32781,
85049,East Tower Security Desk,Speed-dial,38634,
85049,East Tower Security Desk,Speed-dial,92828111,
85049,East Tower Security Desk,Speed-dial,38792,
85049,East Tower Security Desk,Speed-dial,43101,
85049,East Tower Security Desk,Speed-dial,40180,
80144,Mcy Brain/Spine Matt,,,3
80144,Mcy Brain/Spine Matt,Line (ring),,
80144,Mcy Brain/Spine Matt,Line (ring),,
80144,Mcy Brain/Spine Matt,Line (ring),,
82090,Mother/Baby,,,6
82090,Mother/Baby,Line (ring),,
82090,Mother/Baby,Shared-line,82000,
82090,Mother/Baby,Line (ring),,
82090,Mother/Baby,Shared-line,82000,
82090,Mother/Baby,Line (ring),,
82090,Mother/Baby,Shared-line,82000,
80154,Mercy Spine Room B,,,3
80154,Mercy Spine Room B,Line (ring),,
80154,Mercy Spine Room B,Line (ring),,
80154,Mercy Spine Room B,Line (ring),,
83062,Labor and Birth Billing,,,5
83062,Labor and Birth Billing,Line (ring),,
83062,Labor and Birth Billing,Line (ring),,
83062,Labor and Birth Billing,Line (ring),,
83062,Labor and Birth Billing,Speed-dial,73000,
83062,Labor and Birth Billing,Speed-dial,73207,
83093,Mary Wadzinski Labor/bir,,,4
83093,Mary Wadzinski Labor/bir,Line (ring),,
83093,Mary Wadzinski Labor/bir,Line (ring),,
83093,Mary Wadzinski Labor/bir,Line (ring),,
83093,Mary Wadzinski Labor/bir,Speed-dial,73000,
83128,East 3 AntePartum,,,10
83128,East 3 AntePartum,Line (ring),,
83128,East 3 AntePartum,Line (ring),,
83128,East 3 AntePartum,Shared-line,83100,
83128,East 3 AntePartum,Shared-line,83150,
83128,East 3 AntePartum,Shared-line,83100,
83128,East 3 AntePartum,Shared-line,83150,
83128,East 3 AntePartum,Shared-line,83100,
83128,East 3 AntePartum,Shared-line,83150,
83128,East 3 AntePartum,Shared-line,83100,
83128,East 3 AntePartum,Shared-line,83150,
80010,Ruan Neuro David Friedgood,,,5
80010,Ruan Neuro David Friedgood,Line (ring),,
80010,Ruan Neuro David Friedgood,Line (ring),,
80010,Ruan Neuro David Friedgood,Line (ring),,
80010,Ruan Neuro David Friedgood,Speed-dial,73000,
80010,Ruan Neuro David Friedgood,Speed-dial,99655576,
81130,MICU CRN / Managers,,,10
81130,MICU CRN / Managers,Line (ring),,
81130,MICU CRN / Managers,Shared-line,81100,
81130,MICU CRN / Managers,Line (ring),,
81130,MICU CRN / Managers,Shared-line,81100,
81130,MICU CRN / Managers,Line (ring),,
81130,MICU CRN / Managers,Shared-line,81100,
81130,MICU CRN / Managers,Speed-dial,92445611,
81130,MICU CRN / Managers,Shared-line,81100,
81130,MICU CRN / Managers,Speed-dial,73000,
81130,MICU CRN / Managers,Shared-line,81100,
80008,Ruan Neuro Paul Babikian,,,10
80008,Ruan Neuro Paul Babikian,Line (ring),,
80008,Ruan Neuro Paul Babikian,Speed-dial,80032,
80008,Ruan Neuro Paul Babikian,Line (ring),,
80008,Ruan Neuro Paul Babikian,Speed-dial,38574,
80008,Ruan Neuro Paul Babikian,Line (ring),,
80008,Ruan Neuro Paul Babikian,Speed-dial,38574,
80008,Ruan Neuro Paul Babikian,Speed-dial,99655704,
80008,Ruan Neuro Paul Babikian,Speed-dial,99655576,
80008,Ruan Neuro Paul Babikian,Speed-dial,73000,
80008,Ruan Neuro Paul Babikian,Speed-dial,9.18779E+11,
85024,OneCare Aud,,,3
85024,OneCare Aud,Line (ring),,
85024,OneCare Aud,Line (ring),,
85024,OneCare Aud,Line (ring),,
80021,Ruan Neuro Rm A110,,,4
80021,Ruan Neuro Rm A110,Line (ring),,
80021,Ruan Neuro Rm A110,Line (ring),,
80021,Ruan Neuro Rm A110,Line (ring),,
80021,Ruan Neuro Rm A110,Speed-dial,73000,
84066,NICU,,,10
84066,NICU,Line (ring),,
84066,NICU,Speed-dial,96618214,
84066,NICU,Shared-line,84000,
84066,NICU,Speed-dial,94732769,
84066,NICU,Shared-line,84000,
84066,NICU,Speed-dial,73280,
84066,NICU,Shared-line,84000,
84066,NICU,Speed-dial,74471,
84066,NICU,Shared-line,84000,
84066,NICU,Speed-dial,74480,
80002,Ruan Neuro Val Stickel,,,4
80002,Ruan Neuro Val Stickel,Line (ring),,
80002,Ruan Neuro Val Stickel,Line (ring),,
80002,Ruan Neuro Val Stickel,Line (ring),,
80002,Ruan Neuro Val Stickel,Speed-dial,73000,
85005,OneCare - Project/Admin,,,5
85005,OneCare - Project/Admin,Line (ring),,
85005,OneCare - Project/Admin,Line (ring),,
85005,OneCare - Project/Admin,Line (ring),,
85005,OneCare - Project/Admin,Line (ring),,
85005,OneCare - Project/Admin,Line (ring),,
83044,Labor / Birthing,,,10
83044,Labor / Birthing,Line (ring),,
83044,Labor / Birthing,Line (ring),,
83044,Labor / Birthing,Shared-line,83000,
83044,Labor / Birthing,Speed-dial,92404768,
83044,Labor / Birthing,Shared-line,83000,
83044,Labor / Birthing,Speed-dial,97208598,
83044,Labor / Birthing,Shared-line,83000,
83044,Labor / Birthing,Speed-dial,97243306,
83044,Labor / Birthing,Shared-line,83000,
83044,Labor / Birthing,Speed-dial,93583132,
80132,Brain/Spine,,,3
80132,Brain/Spine,Line (ring),,
80132,Brain/Spine,Line (ring),,
80132,Brain/Spine,Line (ring),,
80048,Ruan Sarah T,,,5
80048,Ruan Sarah T,Line (ring),,
80048,Ruan Sarah T,Line (ring),,
80048,Ruan Sarah T,Line (ring),,
80048,Ruan Sarah T,Speed-dial,73000,
80048,Ruan Sarah T,Speed-dial,80100,
80153,Mercy Spine Room B308,,,8
80153,Mercy Spine Room B308,Line (ring),,
80153,Mercy Spine Room B308,Speed-dial,73172,
80153,Mercy Spine Room B308,Line (ring),,
80153,Mercy Spine Room B308,Speed-dial,32725,
80153,Mercy Spine Room B308,Line (ring),,
80153,Mercy Spine Room B308,Speed-dial,#3,
80153,Mercy Spine Room B308,Speed-dial,*3,
80153,Mercy Spine Room B308,Speed-dial,73000,
85093,Starbucks Storage Area,,,3
85093,Starbucks Storage Area,Line (ring),,
85093,Starbucks Storage Area,Line (ring),,
85093,Starbucks Storage Area,Line (ring),,
80057,Ruan ofc A107,,,3
80057,Ruan ofc A107,Line (ring),,
80057,Ruan ofc A107,Line (ring),,
80057,Ruan ofc A107,Line (ring),,
84082,NICU,,,34
84082,NICU,Line (ring),,
84082,NICU,Speed-dial,92346860,
84082,NICU,Shared-line,84000,
84082,NICU,Speed-dial,94732769*,
84082,NICU,Shared-line,84000,
84082,NICU,Speed-dial,73280,
84082,NICU,Shared-line,84000,
84082,NICU,Speed-dial,74471,
84082,NICU,Shared-line,84000,
84082,NICU,Speed-dial,74480,
84082,NICU,Speed-dial,84050,
84082,NICU,Speed-dial,84071,
84082,NICU,Speed-dial,84078,
84082,NICU,Speed-dial,84070,
84082,NICU,Speed-dial,83000,
84082,NICU,Speed-dial,84084,
84082,NICU,Speed-dial,83100,
84082,NICU,Speed-dial,84090,
84082,NICU,Speed-dial,82000,
84082,NICU,Speed-dial,93337442,
84082,NICU,Speed-dial,82050,
84082,NICU,Speed-dial,82053,
84082,NICU,Speed-dial,73300,
84082,NICU,Speed-dial,84080,
84082,NICU,Speed-dial,73330,
84082,NICU,Speed-dial,38409,
84082,NICU,Speed-dial,38744,
84082,NICU,Speed-dial,73111,
84082,NICU,Speed-dial,32781,
84082,NICU,Speed-dial,85049,
84082,NICU,Speed-dial,73060,
84082,NICU,Speed-dial,83132,
84082,NICU,Speed-dial,92404768,
84082,NICU,Speed-dial,73255,
85019,OneCare - Open,,,5
85019,OneCare - Open,Line (ring),,
85019,OneCare - Open,Line (ring),,
85019,OneCare - Open,Line (ring),,
85019,OneCare - Open,Line (ring),,
85019,OneCare - Open,Line (ring),,
80025,Ruan Neuro,,,3
80025,Ruan Neuro,Line (ring),,
80025,Ruan Neuro,Line (ring),,
80025,Ruan Neuro,Line (ring),,
80026,April Pike,,,6
80026,April Pike,Line (ring),,
80026,April Pike,Shared-line,80034,
80026,April Pike,Line (ring),,
80026,April Pike,Shared-line,80034,
80026,April Pike,Line (ring),,
80026,April Pike,Shared-line,80034,
80062,Neuropsychology,,,3
80062,Neuropsychology,Line (ring),,
80062,Neuropsychology,Line (ring),,
80062,Neuropsychology,Line (ring),,
80028,Ruan Neuro Brenda Hedgecock,,,2
80028,Ruan Neuro Brenda Hedgecock,Line (ring),,
80028,Ruan Neuro Brenda Hedgecock,BLF,,
81041,Sicu Dept Rummel,,,3
81041,Sicu Dept Rummel,Line (ring),,
81041,Sicu Dept Rummel,Line (ring),,
81041,Sicu Dept Rummel,Line (ring),,
85018,OneCare - Scheduling,,,5
85018,OneCare - Scheduling,Line (ring),,
85018,OneCare - Scheduling,Line (ring),,
85018,OneCare - Scheduling,Line (ring),,
85018,OneCare - Scheduling,Line (ring),,
85018,OneCare - Scheduling,Line (ring),,
83033,Labor/Birthing,,,10
83033,Labor/Birthing,Line (ring),,
83033,Labor/Birthing,Line (ring),,
83033,Labor/Birthing,Shared-line,83000,
83033,Labor/Birthing,Speed-dial,92404768,
83033,Labor/Birthing,Shared-line,83000,
83033,Labor/Birthing,Speed-dial,97208598,
83033,Labor/Birthing,Shared-line,83000,
83033,Labor/Birthing,Speed-dial,97243306,
83033,Labor/Birthing,Shared-line,83000,
83033,Labor/Birthing,Speed-dial,83132,
81154,MICU,,,10
81154,MICU,Line (ring),,
81154,MICU,Shared-line,81100,
81154,MICU,Line (ring),,
81154,MICU,Shared-line,81100,
81154,MICU,Line (ring),,
81154,MICU,Shared-line,81100,
81154,MICU,Speed-dial,96618213,
81154,MICU,Shared-line,81100,
81154,MICU,Speed-dial,94181438,
81154,MICU,Shared-line,81100,
83031,Billing L&B,,,4
83031,Billing L&B,Line (ring),,
83031,Billing L&B,Line (ring),,
83031,Billing L&B,Line (ring),,
83031,Billing L&B,Speed-dial,73000,
83039,Nurse - Labor / Birthing,,,10
83039,Nurse - Labor / Birthing,Line (ring),,
83039,Nurse - Labor / Birthing,Line (ring),,
83039,Nurse - Labor / Birthing,Shared-line,83000,
83039,Nurse - Labor / Birthing,Speed-dial,92404768,
83039,Nurse - Labor / Birthing,Shared-line,83000,
83039,Nurse - Labor / Birthing,Speed-dial,97208598,
83039,Nurse - Labor / Birthing,Shared-line,83000,
83039,Nurse - Labor / Birthing,Speed-dial,97243306,
83039,Nurse - Labor / Birthing,Shared-line,83000,
83039,Nurse - Labor / Birthing,Speed-dial,93583132,
81156,MICU,,,10
81156,MICU,Line (ring),,
81156,MICU,Shared-line,81100,
81156,MICU,Line (ring),,
81156,MICU,Shared-line,81100,
81156,MICU,Line (ring),,
81156,MICU,Shared-line,81100,
81156,MICU,Speed-dial,96618213,
81156,MICU,Shared-line,81100,
81156,MICU,Speed-dial,94181438,
81156,MICU,Shared-line,81100,
85003,OneCare - RevCycle,,,5
85003,OneCare - RevCycle,Line (ring),,
85003,OneCare - RevCycle,Line (ring),,
85003,OneCare - RevCycle,Line (ring),,
85003,OneCare - RevCycle,Line (ring),,
85003,OneCare - RevCycle,Line (ring),,
82057,Mother/Baby Confer Rm 2057,,,7
82057,Mother/Baby Confer Rm 2057,Line (ring),,
82057,Mother/Baby Confer Rm 2057,Shared-line,82000,
82057,Mother/Baby Confer Rm 2057,Line (ring),,
82057,Mother/Baby Confer Rm 2057,Shared-line,82000,
82057,Mother/Baby Confer Rm 2057,Line (ring),,
82057,Mother/Baby Confer Rm 2057,Shared-line,82000,
82057,Mother/Baby Confer Rm 2057,Shared-line,82000,
82075,Mother/Baby Staff Lounge,,,6
82075,Mother/Baby Staff Lounge,Line (ring),,
82075,Mother/Baby Staff Lounge,Line (ring),,
82075,Mother/Baby Staff Lounge,Shared-line,82000,
82075,Mother/Baby Staff Lounge,Shared-line,82000,
82075,Mother/Baby Staff Lounge,Shared-line,82000,
82075,Mother/Baby Staff Lounge,Shared-line,82000,
81120,MICU UND Abbey Maxwell,,,8
81120,MICU UND Abbey Maxwell,Line (ring),,
81120,MICU UND Abbey Maxwell,Shared-line,81100,
81120,MICU UND Abbey Maxwell,Line (ring),,
81120,MICU UND Abbey Maxwell,Shared-line,81100,
81120,MICU UND Abbey Maxwell,Line (ring),,
81120,MICU UND Abbey Maxwell,Shared-line,81100,
81120,MICU UND Abbey Maxwell,Shared-line,81100,
81120,MICU UND Abbey Maxwell,Shared-line,81100,
80186,MRI East Tower Women Wait,,,3
80186,MRI East Tower Women Wait,Line (ring),,
80186,MRI East Tower Women Wait,Line (ring),,
80186,MRI East Tower Women Wait,Line (ring),,
81065,T/SICU IA Heart Surgery,,,8
81065,T/SICU IA Heart Surgery,Line (ring),,
81065,T/SICU IA Heart Surgery,Line (ring),,
81065,T/SICU IA Heart Surgery,Line (ring),,
81065,T/SICU IA Heart Surgery,Speed-dial,96435256,
81065,T/SICU IA Heart Surgery,Speed-dial,92473700,
81065,T/SICU IA Heart Surgery,Speed-dial,92474095,
81065,T/SICU IA Heart Surgery,Speed-dial,93581000,
81065,T/SICU IA Heart Surgery,Speed-dial,9.18002E+11,
81004,C/T SICU,,,10
81004,C/T SICU,Line (ring),,
81004,C/T SICU,Speed-dial,36475,
81004,C/T SICU,Shared-line,81000,
81004,C/T SICU,Speed-dial,73123,
81004,C/T SICU,Shared-line,81000,
81004,C/T SICU,Speed-dial,73280,
81004,C/T SICU,Shared-line,81000,
81004,C/T SICU,Speed-dial,74471,
81004,C/T SICU,Shared-line,81000,
81004,C/T SICU,Speed-dial,96618212,
81148,MICU,,,10
81148,MICU,Line (ring),,
81148,MICU,Shared-line,81100,
81148,MICU,Line (ring),,
81148,MICU,Shared-line,81100,
81148,MICU,Line (ring),,
81148,MICU,Shared-line,81100,
81148,MICU,Speed-dial,96618213,
81148,MICU,Shared-line,81100,
81148,MICU,Speed-dial,94181438,
81148,MICU,Shared-line,81100,
80023,Ruan Neurology Gena Brown,,,3
80023,Ruan Neurology Gena Brown,Line (ring),,
80023,Ruan Neurology Gena Brown,Line (ring),,
80023,Ruan Neurology Gena Brown,BLF,,
80190,MRI East Tower Registration,,,3
80190,MRI East Tower Registration,Line (ring),,
80190,MRI East Tower Registration,Line (ring),,
80190,MRI East Tower Registration,Line (ring),,
80041,Scheduler,,,6
80041,Scheduler,Line (ring),,
80041,Scheduler,Line (ring),,
80041,Scheduler,Line (ring),,
80041,Scheduler,Speed-dial,1.58006E+11,
80041,Scheduler,BLF,,
80041,Scheduler,BLF,,
85077,Surgery Waiting,,,3
85077,Surgery Waiting,Line (ring),,
85077,Surgery Waiting,Line (ring),,
85077,Surgery Waiting,Line (ring),,
80159,Mercy Spine,,,5
80159,Mercy Spine,Line (ring),,
80159,Mercy Spine,Shared-line,80158,
80159,Mercy Spine,Line (ring),,
80159,Mercy Spine,Shared-line,80158,
80159,Mercy Spine,Line (ring),,
82093,Mother/Baby NS #3,,,6
82093,Mother/Baby NS #3,Line (ring),,
82093,Mother/Baby NS #3,Line (ring),,
82093,Mother/Baby NS #3,Shared-line,82000,
82093,Mother/Baby NS #3,Shared-line,82000,
82093,Mother/Baby NS #3,Shared-line,82000,
82093,Mother/Baby NS #3,Shared-line,82000,
82066,Mother/Baby NS #6,,,6
82066,Mother/Baby NS #6,Line (ring),,
82066,Mother/Baby NS #6,Line (ring),,
82066,Mother/Baby NS #6,Shared-line,82000,
82066,Mother/Baby NS #6,Shared-line,82000,
82066,Mother/Baby NS #6,Shared-line,82000,
82066,Mother/Baby NS #6,Shared-line,82000,
80034,AmyJo Houska,,,10
80034,AmyJo Houska,Line (ring),,
80034,AmyJo Houska,Shared-line,80026,
80034,AmyJo Houska,Line (ring),,
80034,AmyJo Houska,Shared-line,80026,
80034,AmyJo Houska,Line (ring),,
80034,AmyJo Houska,Shared-line,80026,
80034,AmyJo Houska,Speed-dial,74444,
80034,AmyJo Houska,Speed-dial,74439,
80034,AmyJo Houska,Speed-dial,73000,
80034,AmyJo Houska,Speed-dial,73020,
83176,Shawnelle Medina,,,4
83176,Shawnelle Medina,Line (ring),,
83176,Shawnelle Medina,Line (ring),,
83176,Shawnelle Medina,Line (ring),,
83176,Shawnelle Medina,Speed-dial,73000,
80003,Ruan Neuro Michelle Vangorp,,,3
80003,Ruan Neuro Michelle Vangorp,Line (ring),,
80003,Ruan Neuro Michelle Vangorp,Line (ring),,
80003,Ruan Neuro Michelle Vangorp,Line (ring),,
81087,T/CSICU,,,10
81087,T/CSICU,Line (ring),,
81087,T/CSICU,Speed-dial,36475,
81087,T/CSICU,Shared-line,81000,
81087,T/CSICU,Speed-dial,73123,
81087,T/CSICU,Shared-line,81000,
81087,T/CSICU,Speed-dial,81060,
81087,T/CSICU,Shared-line,81000,
81087,T/CSICU,Speed-dial,74471,
81087,T/CSICU,Shared-line,81000,
81087,T/CSICU,Speed-dial,96612812,
84062,NICU,,,10
84062,NICU,Line (ring),,
84062,NICU,Speed-dial,96618214,
84062,NICU,Shared-line,84000,
84062,NICU,Speed-dial,94732769,
84062,NICU,Shared-line,84000,
84062,NICU,Speed-dial,73280,
84062,NICU,Shared-line,84000,
84062,NICU,Speed-dial,74471,
84062,NICU,Shared-line,84000,
84062,NICU,Speed-dial,74480,
81000,C/T SICU Main Number,,,5
81000,C/T SICU Main Number,Line (ring),,
81000,C/T SICU Main Number,Line (ring),,
81000,C/T SICU Main Number,Line (ring),,
81000,C/T SICU Main Number,Line (ring),,
81000,C/T SICU Main Number,Line (ring),,
81088,T/CSICU,,,10
81088,T/CSICU,Line (ring),,
81088,T/CSICU,Speed-dial,36475,
81088,T/CSICU,Shared-line,81000,
81088,T/CSICU,Speed-dial,73123,
81088,T/CSICU,Shared-line,81000,
81088,T/CSICU,Speed-dial,81060,
81088,T/CSICU,Shared-line,81000,
81088,T/CSICU,Speed-dial,74471,
81088,T/CSICU,Shared-line,81000,
81088,T/CSICU,Speed-dial,96618212,
81010,Pharmacy SICU Grover_Rosie,,,10
81010,Pharmacy SICU Grover_Rosie,Line (ring),,
81010,Pharmacy SICU Grover_Rosie,Speed-dial,92616625,
81010,Pharmacy SICU Grover_Rosie,Line (ring),,
81010,Pharmacy SICU Grover_Rosie,Speed-dial,99711560,
81010,Pharmacy SICU Grover_Rosie,Line (ring),,
81010,Pharmacy SICU Grover_Rosie,Speed-dial,38235,
81010,Pharmacy SICU Grover_Rosie,Speed-dial,73000,
81010,Pharmacy SICU Grover_Rosie,Speed-dial,85070,
81010,Pharmacy SICU Grover_Rosie,Speed-dial,81060,
81010,Pharmacy SICU Grover_Rosie,Speed-dial,81121,
81152,MICU,,,10
81152,MICU,Line (ring),,
81152,MICU,Shared-line,81100,
81152,MICU,Line (ring),,
81152,MICU,Shared-line,81100,
81152,MICU,Line (ring),,
81152,MICU,Shared-line,81100,
81152,MICU,Speed-dial,96618213,
81152,MICU,Shared-line,81100,
81152,MICU,Speed-dial,94181438,
81152,MICU,Shared-line,81100,
80156,Mercy Spine Room B405,,,3
80156,Mercy Spine Room B405,Line (ring),,
80156,Mercy Spine Room B405,Line (ring),,
80156,Mercy Spine Room B405,Line (ring),,
83000,East 3 LDR,,,5
83000,East 3 LDR,Line (ring),,
83000,East 3 LDR,Line (ring),,
83000,East 3 LDR,Line (ring),,
83000,East 3 LDR,Line (ring),,
83000,East 3 LDR,Line (ring),,
81121,ICU Pharmcy,,,3
81121,ICU Pharmcy,Line (ring),,
81121,ICU Pharmcy,Line (ring),,
81121,ICU Pharmcy,Line (ring),,
81002,C/T SICU,,,10
81002,C/T SICU,Line (ring),,
81002,C/T SICU,Speed-dial,36475,
81002,C/T SICU,Shared-line,81000,
81002,C/T SICU,Speed-dial,73123,
81002,C/T SICU,Shared-line,81000,
81002,C/T SICU,Speed-dial,73280,
81002,C/T SICU,Shared-line,81000,
81002,C/T SICU,Speed-dial,74471,
81002,C/T SICU,Shared-line,81000,
81002,C/T SICU,Speed-dial,96618212,
85001,OneCare - ClinDoc,,,7
85001,OneCare - ClinDoc,Line (ring),,
85001,OneCare - ClinDoc,Line (ring),,
85001,OneCare - ClinDoc,Line (ring),,
85001,OneCare - ClinDoc,Line (ring),,
85001,OneCare - ClinDoc,Speed-dial,3585000,
85001,OneCare - ClinDoc,Line (ring),,
85001,OneCare - ClinDoc,Speed-dial,73000,
81084,T/CSICU,,,10
81084,T/CSICU,Line (ring),,
81084,T/CSICU,Speed-dial,36475,
81084,T/CSICU,Shared-line,81000,
81084,T/CSICU,Speed-dial,73123,
81084,T/CSICU,Shared-line,81000,
81084,T/CSICU,Speed-dial,81060,
81084,T/CSICU,Shared-line,81000,
81084,T/CSICU,Speed-dial,74471,
81084,T/CSICU,Shared-line,81000,
81084,T/CSICU,Speed-dial,96618212,
81168,MICU,,,10
81168,MICU,Line (ring),,
81168,MICU,Shared-line,81100,
81168,MICU,Line (ring),,
81168,MICU,Shared-line,81100,
81168,MICU,Line (ring),,
81168,MICU,Shared-line,81100,
81168,MICU,Speed-dial,96618213,
81168,MICU,Shared-line,81100,
81168,MICU,Speed-dial,94181438,
81168,MICU,Shared-line,81100,
80121,80121,,,5
80121,80121,Line (ring),,
80121,80121,Shared-line,80122,
80121,80121,Line (ring),,
80121,80121,Shared-line,80122,
80121,80121,Line (ring),,
82081,Lactation Office,,,6
82081,Lactation Office,Line (ring),,
82081,Lactation Office,Shared-line,82082,
82081,Lactation Office,Line (ring),,
82081,Lactation Office,Shared-line,82082,
82081,Lactation Office,Line (ring),,
82081,Lactation Office,Shared-line,82082,
81063,T/SICU IA Heart Surgery,,,3
81063,T/SICU IA Heart Surgery,Line (ring),,
81063,T/SICU IA Heart Surgery,Line (ring),,
81063,T/SICU IA Heart Surgery,Line (ring),,
84093,NICU Food Prep,,,3
84093,NICU Food Prep,Line (ring),,
84093,NICU Food Prep,Line (ring),,
84093,NICU Food Prep,Line (ring),,
84046,NICU Rm 4064,,,3
84046,NICU Rm 4064,Line (ring),,
84046,NICU Rm 4064,Line (ring),,
84046,NICU Rm 4064,Line (ring),,
83049,Birthing /Physician Lounge,,,3
83049,Birthing /Physician Lounge,Line (ring),,
83049,Birthing /Physician Lounge,Line (ring),,
83049,Birthing /Physician Lounge,Line (ring),,
82078,Mother/Baby,,,3
82078,Mother/Baby,Line (ring),,
82078,Mother/Baby,Line (ring),,
82078,Mother/Baby,Line (ring),,
80040,Marcy Petersen,,,5
80040,Marcy Petersen,Line (ring),,
80040,Marcy Petersen,Line (ring),,
80040,Marcy Petersen,Line (ring),,
80040,Marcy Petersen,Speed-dial,1.58006E+11,
80040,Marcy Petersen,BLF,,
80111,Mercy Brain Center,,,3
80111,Mercy Brain Center,Line (ring),,
80111,Mercy Brain Center,Line (ring),,
80111,Mercy Brain Center,Line (ring),,
85071,Pharmacy East Add,,,6
85071,Pharmacy East Add,Line (ring),,
85071,Pharmacy East Add,Shared-line,85070,
85071,Pharmacy East Add,Line (ring),,
85071,Pharmacy East Add,Shared-line,85070,
85071,Pharmacy East Add,Line (ring),,
85071,Pharmacy East Add,Shared-line,85070,
83021,Labor/Birthing,,,10
83021,Labor/Birthing,Line (ring),,
83021,Labor/Birthing,Line (ring),,
83021,Labor/Birthing,Shared-line,83000,
83021,Labor/Birthing,Speed-dial,96618214,
83021,Labor/Birthing,Shared-line,83000,
83021,Labor/Birthing,Speed-dial,94192408,
83021,Labor/Birthing,Shared-line,83000,
83021,Labor/Birthing,Speed-dial,92404768,
83021,Labor/Birthing,Shared-line,83000,
83021,Labor/Birthing,Speed-dial,83132,
80022,Cheryl Inman,,,4
80022,Cheryl Inman,Line (ring),,
80022,Cheryl Inman,Line (ring),,
80022,Cheryl Inman,Line (ring),,
80022,Cheryl Inman,Speed-dial,73000,
80125,Clinic Manager,,,3
80125,Clinic Manager,Line (ring),,
80125,Clinic Manager,Line (ring),,
80125,Clinic Manager,Line (ring),,
80117,80117 Neuro Surgery,,,5
80117,80117 Neuro Surgery,Line (ring),,
80117,80117 Neuro Surgery,Line (ring),,
80117,80117 Neuro Surgery,Line (ring),,
80117,80117 Neuro Surgery,Speed-dial,1.58024E+11,
80117,80117 Neuro Surgery,Speed-dial,1590241,
84058,NICU,,,10
84058,NICU,Line (ring),,
84058,NICU,Speed-dial,96618214,
84058,NICU,Shared-line,84000,
84058,NICU,Speed-dial,94732769,
84058,NICU,Shared-line,84000,
84058,NICU,Speed-dial,73280,
84058,NICU,Shared-line,84000,
84058,NICU,Speed-dial,74471,
84058,NICU,Shared-line,84000,
84058,NICU,Speed-dial,74480,
80020,Kyle Zeiser,,,5
80020,Kyle Zeiser,Line (ring),,
80020,Kyle Zeiser,Line (ring),,
80020,Kyle Zeiser,Line (ring),,
80020,Kyle Zeiser,Speed-dial,73000,
80020,Kyle Zeiser,Speed-dial,99655576,
81160,Quiet Room,,,10
81160,Quiet Room,Line (ring),,
81160,Quiet Room,Shared-line,81100,
81160,Quiet Room,Line (ring),,
81160,Quiet Room,Shared-line,81100,
81160,Quiet Room,Line (ring),,
81160,Quiet Room,Shared-line,81100,
81160,Quiet Room,Speed-dial,96618213,
81160,Quiet Room,Shared-line,81100,
81160,Quiet Room,Speed-dial,94181438,
81160,Quiet Room,Shared-line,81100,
80113,Mercy Brain/Spine,,,3
80113,Mercy Brain/Spine,Line (ring),,
80113,Mercy Brain/Spine,Line (ring),,
80113,Mercy Brain/Spine,Line (ring),,
82050,M-B Nursery,,,5
82050,M-B Nursery,Line (ring),,
82050,M-B Nursery,Line (ring),,
82050,M-B Nursery,Line (ring),,
82050,M-B Nursery,Line (ring),,
82050,M-B Nursery,Line (ring),,
85060,Child Birth Resource,,,3
85060,Child Birth Resource,Line (ring),,
85060,Child Birth Resource,Line (ring),,
85060,Child Birth Resource,Line (ring),,
80158,Mercy Spines,,,5
80158,Mercy Spines,Line (ring),,
80158,Mercy Spines,Shared-line,80159,
80158,Mercy Spines,Line (ring),,
80158,Mercy Spines,Shared-line,80159,
80158,Mercy Spines,Line (ring),,
83067,Labor/Birthing,,,3
83067,Labor/Birthing,Line (ring),,
83067,Labor/Birthing,Line (ring),,
83067,Labor/Birthing,Line (ring),,
81083,T/CSICU,,,10
81083,T/CSICU,Line (ring),,
81083,T/CSICU,Speed-dial,36475,
81083,T/CSICU,Shared-line,81000,
81083,T/CSICU,Speed-dial,73123,
81083,T/CSICU,Shared-line,81000,
81083,T/CSICU,Speed-dial,81060,
81083,T/CSICU,Shared-line,81000,
81083,T/CSICU,Speed-dial,74471,
81083,T/CSICU,Shared-line,81000,
81083,T/CSICU,Speed-dial,96618212,
83023,Labor/Birthing,,,10
83023,Labor/Birthing,Line (ring),,
83023,Labor/Birthing,Line (ring),,
83023,Labor/Birthing,Shared-line,83000,
83023,Labor/Birthing,Speed-dial,92404768,
83023,Labor/Birthing,Shared-line,83000,
83023,Labor/Birthing,Speed-dial,97208598,
83023,Labor/Birthing,Shared-line,83000,
83023,Labor/Birthing,Speed-dial,97243306,
83023,Labor/Birthing,Shared-line,83000,
83023,Labor/Birthing,Speed-dial,93583132,
81164,MICU,,,10
81164,MICU,Line (ring),,
81164,MICU,Shared-line,81100,
81164,MICU,Line (ring),,
81164,MICU,Shared-line,81100,
81164,MICU,Line (ring),,
81164,MICU,Shared-line,81100,
81164,MICU,Speed-dial,96618213,
81164,MICU,Shared-line,81100,
81164,MICU,Speed-dial,94181438,
81164,MICU,Shared-line,81100,
85080,Surgery Ambassador Desk,,,3
85080,Surgery Ambassador Desk,Line (ring),,
85080,Surgery Ambassador Desk,Line (ring),,
85080,Surgery Ambassador Desk,Line (ring),,
80185,MRI East Tower Men Wait,,,3
80185,MRI East Tower Men Wait,Line (ring),,
80185,MRI East Tower Men Wait,Line (ring),,
80185,MRI East Tower Men Wait,Line (ring),,
80035,Ruan Neuro Melissa Wright,,,10
80035,Ruan Neuro Melissa Wright,Line (ring),,
80035,Ruan Neuro Melissa Wright,Speed-dial,74444,
80035,Ruan Neuro Melissa Wright,Line (ring),,
80035,Ruan Neuro Melissa Wright,Speed-dial,38786,
80035,Ruan Neuro Melissa Wright,Line (ring),,
80035,Ruan Neuro Melissa Wright,Speed-dial,74319,
80035,Ruan Neuro Melissa Wright,Speed-dial,73000,
80035,Ruan Neuro Melissa Wright,Speed-dial,74439,
80035,Ruan Neuro Melissa Wright,Speed-dial,92445611,
80035,Ruan Neuro Melissa Wright,Speed-dial,73020,
81008,C/T SICU,,,10
81008,C/T SICU,Line (ring),,
81008,C/T SICU,Speed-dial,36475,
81008,C/T SICU,Shared-line,81000,
81008,C/T SICU,Speed-dial,73123,
81008,C/T SICU,Shared-line,81000,
81008,C/T SICU,Speed-dial,73280,
81008,C/T SICU,Shared-line,81000,
81008,C/T SICU,Speed-dial,74471,
81008,C/T SICU,Shared-line,81000,
81008,C/T SICU,Speed-dial,96618212,
81089,T/CSICU,,,33
81089,T/CSICU,Line (ring),,
81089,T/CSICU,Shared-line,81000,
81089,T/CSICU,Speed-dial,73123,
81089,T/CSICU,Shared-line,81000,
81089,T/CSICU,Speed-dial,81060,
81089,T/CSICU,Shared-line,81000,
81089,T/CSICU,Speed-dial,74471,
81089,T/CSICU,Shared-line,81000,
81089,T/CSICU,Speed-dial,96618212,
81089,T/CSICU,Speed-dial,92474255,
81089,T/CSICU,Speed-dial,74240,
81089,T/CSICU,Speed-dial,74480,
81089,T/CSICU,Speed-dial,92341801,
81089,T/CSICU,Speed-dial,74253,
81089,T/CSICU,Speed-dial,92341803,
81089,T/CSICU,Speed-dial,73980,
81089,T/CSICU,Speed-dial,92716111,
81089,T/CSICU,Speed-dial,92290443,
81089,T/CSICU,Speed-dial,92415710,
81089,T/CSICU,Speed-dial,32781,
81089,T/CSICU,Speed-dial,92886097,
81089,T/CSICU,Speed-dial,73126,
81089,T/CSICU,Speed-dial,92241777,
81089,T/CSICU,Speed-dial,73135,
81089,T/CSICU,Speed-dial,92804700,
81089,T/CSICU,Speed-dial,99548461,
81089,T/CSICU,Speed-dial,96333610,
81089,T/CSICU,Speed-dial,85077,
81089,T/CSICU,Speed-dial,35100,
81089,T/CSICU,Speed-dial,73061,
81089,T/CSICU,Speed-dial,80011,
81089,T/CSICU,Speed-dial,92227761,
81089,T/CSICU,Speed-dial,92227600,
82083,Lactation Office,,,10
82083,Lactation Office,Line (ring),,
82083,Lactation Office,Speed-dial,32781,
82083,Lactation Office,Line (ring),,
82083,Lactation Office,Speed-dial,82080,
82083,Lactation Office,Line (ring),,
82083,Lactation Office,Speed-dial,82000,
82083,Lactation Office,Speed-dial,73000,
82083,Lactation Office,Speed-dial,82050,
82083,Lactation Office,Speed-dial,33060,
82083,Lactation Office,Speed-dial,84000,
83047,Labor/Birthing OB Desk,,,3
83047,Labor/Birthing OB Desk,Line (ring),,
83047,Labor/Birthing OB Desk,Line (ring),,
83047,Labor/Birthing OB Desk,Line (ring),,
81161,MICU,,,10
81161,MICU,Line (ring),,
81161,MICU,Shared-line,81100,
81161,MICU,Line (ring),,
81161,MICU,Shared-line,81100,
81161,MICU,Line (ring),,
81161,MICU,Shared-line,81100,
81161,MICU,Speed-dial,96618213,
81161,MICU,Shared-line,81100,
81161,MICU,Speed-dial,94181438,
81161,MICU,Shared-line,81100,
84088,NICU,,,10
84088,NICU,Line (ring),,
84088,NICU,Line (ring),,
84088,NICU,Shared-line,84000,
84088,NICU,Speed-dial,94732769,
84088,NICU,Shared-line,84000,
84088,NICU,Speed-dial,73280,
84088,NICU,Shared-line,84000,
84088,NICU,Speed-dial,74471,
84088,NICU,Shared-line,84000,
84088,NICU,Speed-dial,74480,
85002,OneCare - Orders,,,5
85002,OneCare - Orders,Line (ring),,
85002,OneCare - Orders,Line (ring),,
85002,OneCare - Orders,Line (ring),,
85002,OneCare - Orders,Line (ring),,
85002,OneCare - Orders,Line (ring),,
80019,Traci Vande Krol,,,5
80019,Traci Vande Krol,Line (ring),,
80019,Traci Vande Krol,Line (ring),,
80019,Traci Vande Krol,Line (ring),,
80019,Traci Vande Krol,Speed-dial,73000,
80019,Traci Vande Krol,Speed-dial,99655576,
80129,Mercy Brain/Spine,,,3
80129,Mercy Brain/Spine,Line (ring),,
80129,Mercy Brain/Spine,Line (ring),,
80129,Mercy Brain/Spine,Line (ring),,
85016,OneCare - Pharmnet,,,5
85016,OneCare - Pharmnet,Line (ring),,
85016,OneCare - Pharmnet,Line (ring),,
85016,OneCare - Pharmnet,Line (ring),,
85016,OneCare - Pharmnet,Line (ring),,
85016,OneCare - Pharmnet,Line (ring),,
81073,C/T SICU Blood Gas Lab,,,3
81073,C/T SICU Blood Gas Lab,Line (ring),,
81073,C/T SICU Blood Gas Lab,Line (ring),,
81073,C/T SICU Blood Gas Lab,Line (ring),,
80142,Mrcy Nuro Jeremy,,,3
80142,Mrcy Nuro Jeremy,Line (ring),,
80142,Mrcy Nuro Jeremy,Line (ring),,
80142,Mrcy Nuro Jeremy,Line (ring),,
81086,T/CSICU,,,10
81086,T/CSICU,Line (ring),,
81086,T/CSICU,Speed-dial,36475,
81086,T/CSICU,Shared-line,81000,
81086,T/CSICU,Speed-dial,73123,
81086,T/CSICU,Shared-line,81000,
81086,T/CSICU,Speed-dial,81060,
81086,T/CSICU,Shared-line,81000,
81086,T/CSICU,Speed-dial,74471,
81086,T/CSICU,Shared-line,81000,
81086,T/CSICU,Speed-dial,96618212,
83131,Birthing Admin,,,5
83131,Birthing Admin,Line (ring),,
83131,Birthing Admin,Line (ring),,
83131,Birthing Admin,Line (ring),,
83131,Birthing Admin,Shared-line,83132,
83131,Birthing Admin,Shared-line,83132,
83022,Labor/Birthing,,,6
83022,Labor/Birthing,Line (ring),,
83022,Labor/Birthing,Line (ring),,
83022,Labor/Birthing,Shared-line,83000,
83022,Labor/Birthing,Shared-line,83000,
83022,Labor/Birthing,Shared-line,83000,
83022,Labor/Birthing,Shared-line,83000,
83029,Labor/Birthing,,,3
83029,Labor/Birthing,Line (ring),,
83029,Labor/Birthing,Line (ring),,
83029,Labor/Birthing,Line (ring),,
85091,Maintenance - Fox Willie,,,4
85091,Maintenance - Fox Willie,Line (ring),,
85091,Maintenance - Fox Willie,Line (ring),,
85091,Maintenance - Fox Willie,Line (ring),,
85091,Maintenance - Fox Willie,Speed-dial,73000,
81051,T/SICU Waiting Rm,,,2
81051,T/SICU Waiting Rm,Line (ring),,
81051,T/SICU Waiting Rm,Line (ring),,
81093,T/CSICU,,,31
81093,T/CSICU,Line (ring),,
81093,T/CSICU,Speed-dial,36475,
81093,T/CSICU,Shared-line,81000,
81093,T/CSICU,Speed-dial,73123,
81093,T/CSICU,Shared-line,81000,
81093,T/CSICU,Speed-dial,80160,
81093,T/CSICU,Shared-line,81000,
81093,T/CSICU,Speed-dial,74471,
81093,T/CSICU,Shared-line,81000,
81093,T/CSICU,Speed-dial,96618212,
81093,T/CSICU,Speed-dial,41231,
81093,T/CSICU,Speed-dial,74240,
81093,T/CSICU,Speed-dial,74480,
81093,T/CSICU,Speed-dial,92341801,
81093,T/CSICU,Speed-dial,74253,
81093,T/CSICU,Speed-dial,92341803,
81093,T/CSICU,Speed-dial,73980,
81093,T/CSICU,Speed-dial,92341504,
81093,T/CSICU,Speed-dial,92290443,
81093,T/CSICU,Speed-dial,92345116,
81093,T/CSICU,Speed-dial,32781,
81093,T/CSICU,Speed-dial,92344393,
81093,T/CSICU,Speed-dial,73126,
81093,T/CSICU,Speed-dial,92241777,
81093,T/CSICU,Speed-dial,73135,
81093,T/CSICU,Speed-dial,35275,
81093,T/CSICU,Speed-dial,99548461,
81093,T/CSICU,Speed-dial,96333610,
81093,T/CSICU,Speed-dial,85077,
81093,T/CSICU,Speed-dial,73061,
81093,T/CSICU,Speed-dial,73029,
83037,C - Section Room 2,,,7
83037,C - Section Room 2,Line (ring),,
83037,C - Section Room 2,Line (ring),,
83037,C - Section Room 2,Shared-line,83000,
83037,C - Section Room 2,Speed-dial,92404768,
83037,C - Section Room 2,Shared-line,83000,
83037,C - Section Room 2,Shared-line,83000,
83037,C - Section Room 2,Shared-line,83000,
83121,East Rm 3122 Ultrasound,,,4
83121,East Rm 3122 Ultrasound,Line (ring),,
83121,East Rm 3122 Ultrasound,Line (ring),,
83121,East Rm 3122 Ultrasound,Shared-line,83122,
83121,East Rm 3122 Ultrasound,Shared-line,83122,
83132,Birthing Admin,,,3
83132,Birthing Admin,Line (ring),,
83132,Birthing Admin,Line (ring),,
83132,Birthing Admin,Line (ring),,
81122,Julie T Dir Critical Care,,,4
81122,Julie T Dir Critical Care,Line (ring),,
81122,Julie T Dir Critical Care,Line (ring),,
81122,Julie T Dir Critical Care,Line (ring),,
81122,Julie T Dir Critical Care,Speed-dial,73000,
81070,C/T SICU Chrita Knoll UND,,,3
81070,C/T SICU Chrita Knoll UND,Line (ring),,
81070,C/T SICU Chrita Knoll UND,Line (ring),,
81070,C/T SICU Chrita Knoll UND,Line (ring),,
84053,NICU,,,10
84053,NICU,Line (ring),,
84053,NICU,Speed-dial,96618214,
84053,NICU,Shared-line,84000,
84053,NICU,Speed-dial,94732769,
84053,NICU,Shared-line,84000,
84053,NICU,Speed-dial,73280,
84053,NICU,Shared-line,84000,
84053,NICU,Speed-dial,74471,
84053,NICU,Shared-line,84000,
84053,NICU,Speed-dial,74480,
80161,Mercy Spine Exam.Room 1,,,3
80161,Mercy Spine Exam.Room 1,Line (ring),,
80161,Mercy Spine Exam.Room 1,Line (ring),,
80161,Mercy Spine Exam.Room 1,Line (ring),,
82094,Mother/Baby NS #4,,,6
82094,Mother/Baby NS #4,Line (ring),,
82094,Mother/Baby NS #4,Line (ring),,
82094,Mother/Baby NS #4,Shared-line,82000,
82094,Mother/Baby NS #4,Shared-line,82000,
82094,Mother/Baby NS #4,Shared-line,82000,
82094,Mother/Baby NS #4,Shared-line,82000,
